이름,우편번호,주소,주소상세,전화번호,이메일
김하윤,09852,제주특별자치도 청주시 청원구 논현609길 556 (보람박읍),정웅안아파트 146호,044-111-1494,gyeongjagim@example.com
오민수,46928,부산광역시 중랑구 반포대가 701,은지박김타워 184호,051-087-4335,yi@example.com
이수진,11621,경기도 당진시 논현4가 800-9 (은서류동),수민김타워 N동 734호,062-678-0275,lmun@example.com
최성진,94897,대구광역시 북구 삼성4거리 919 (승현이이동),채원김이아파트,02-5910-6932,qhong@example.com
이예준,62476,광주광역시 강동구 논현31거리 562-3 (보람안동),승민지이연립 394호,019-571-1821,miyeong66@example.com
김은영,72084,인천광역시 성북구 석촌호수가 667 (서준박읍),정호김정빌라 가동 266호,018-505-1509,igwangsu@example.net
남지원,69741,대전광역시 동작구 역삼4길 지하253 (아름장이읍),영철박빌라 337호,010-7561-5564,igo@example.org
조옥순,36586,경기도 고양시 일산서구 도산대890가 580-68,정웅최문마을 260호,052-755-0282,sanghungo@example.net
김주원,61716,세종특별자치시 영등포구 학동64거리 406-17,예원김이빌라 H동 594호,044-644-3653,fyun@example.org
이승현,18516,경상북도 고성군 석촌호수292가 240-1,서윤장이빌라 375호,052-891-5720,gimseohyeon@example.com
박미정,76303,충청남도 포천시 석촌호수229거리 424-3,영환이빌라 M동 547호,018-835-4399,coejeongsu@example.org
윤현우,76767,대구광역시 은평구 서초중앙6가 827-39 (정희장박면),경자김아파트 343호,044-952-6836,jgim@example.com
이지우,45076,경상남도 고양시 일산동구 반포대거리 649,경숙최타워 Y동 871호,019-014-5374,eunjeong12@example.com
김미영,36714,충청북도 하남시 오금18거리 622-59,영자오김마을,044-421-9622,iseoyeong@example.net
안수민,39654,부산광역시 강남구 봉은사827가 316-53,성현정빌라,010-0972-4971,coesunja@example.org
송지아,83100,광주광역시 종로구 테헤란231길 648,경숙박타워 Y동 670호,062-250-8552,vyun@example.org
김영환,03126,충청남도 구리시 압구정로 460 (서윤이권읍),민석권빌라 B동 053호,064-789-5521,gimcaeweon@example.org
장준혁,30549,서울특별시 영등포구 역삼75길 289-30 (미영윤마을),지원최이마을 394호,042-340-9853,coeyejun@example.com
임은지,74806,대전광역시 서초구 삼성82거리 258,동현박아파트,031-315-6088,sonseohyeon@example.org
김순자,62831,전라남도 양양군 개포85로 256-81 (수민박동),시우한마을 262호,044-999-5872,qseo@example.net
최영환,87070,강원도 오산시 도산대3가 932,수빈이김빌라 X동 844호,052-649-6076,hyang@example.org
이서준,22516,대전광역시 송파구 강남대길 628,지혜김김아파트 P동 748호,062-153-6814,seungmingim@example.com
이유진,15353,경상남도 안산시 상록구 학동가 993 (성훈김박리),보람홍최빌라,019-562-2643,ygim@example.org
이지원,33746,경상남도 양주시 반포대길 904,영수이아파트 463호,041-967-3820,sunog69@example.com
노영수,67405,경상남도 안산시 상록구 도산대길 지하438 (현지김마을),정식김강마을,051-503-7989,namyeongho@example.org
김현지,31799,경상남도 용인시 기흥구 학동로 530,서준박송마을 724호,064-755-8510,ogja07@example.com
최숙자,06744,세종특별자치시 강남구 역삼길 513 (명자박동),정순김이타운 564호,070-7435-3423,gimgwangsu@example.com
임수빈,72651,충청북도 남양주시 서초중앙3길 710 (보람손리),명자김민빌라 712호,044-567-3949,yeeunbaeg@example.com
김민준,13031,울산광역시 성북구 봉은사가 55-99,정남이마을 나동 477호,017-882-9862,rgang@example.com
이진우,70483,서울특별시 중구 학동길 269 (영식박동),승현나타운 Q동 358호,064-737-8146,seungmingo@example.com
김춘자,33824,세종특별자치시 강북구 가락983거리 626-19 (경수이오리),영숙손빌라 138호,070-2026-8654,gimdoyun@example.org
엄영일,83673,광주광역시 광진구 논현로 820-15,재호김문빌라,043-093-6142,hanjunho@example.org
장정숙,37801,충청북도 양구군 테헤란거리 841 (경숙한최동),상훈노빌라 582호,017-781-2130,yeongil90@example.org
이종수,95422,경기도 계룡시 도산대1가 지하962 (숙자김최마을),건우김타운 198호,042-842-7946,eunseo90@example.com
이시우,60625,강원도 안산시 상록구 잠실로 483-19 (민석차장마을),채원김마을 803호,042-548-4403,seoyeonggim@example.net
이우진,24861,서울특별시 은평구 잠실725가 153 (영미김박읍),우진김박타운 207호,02-8306-6184,ijeongsig@example.org
이지혜,88592,세종특별자치시 동구 백제고분432가 227 (하은최마을),정남서아파트 07동 355호,032-116-9027,jihugim@example.net
김지원,34666,제주특별자치도 구리시 서초대거리 740,정숙이안타워 N동 281호,041-721-5786,gju@example.com
박도윤,88947,대구광역시 성북구 반포대거리 276 (민석한윤마을),영일최타운 667호,061-587-5102,yeongceolgim@example.net
김은경,29674,충청남도 평창군 석촌호수가 201-90 (숙자김읍),정호윤아파트 842호,062-288-6814,dohyeongim@example.net
정상훈,10872,광주광역시 동구 압구정04거리 897-8,현지김이빌라 H동 289호,041-507-4313,gimminji@example.org
황예지,67499,세종특별자치시 도봉구 강남대로 677-93,영수권타워 H동 696호,062-752-8983,gweonhyeonsug@example.net
최승현,60199,충청북도 화성시 석촌호수493거리 532-34 (지민서리),현지이안연립,044-838-0454,jiyeonbag@example.org
김현정,45195,부산광역시 종로구 개포거리 564-49,승현배이빌라 952호,062-843-6105,songhyeonu@example.org
김은영,64155,대구광역시 강남구 압구정가 109-27,상호김아파트 65동 208호,042-876-6665,ogjagim@example.com
노영순,45411,경상북도 예산군 양재천로 128-25 (정남노이읍),동현장박빌라 277호,016-826-6058,ei@example.net
김상호,60954,광주광역시 서구 압구정781가 665-49,영진박타워,061-249-9186,yeongsun50@example.org
김은서,49630,대구광역시 북구 반포대1로 894-76 (지혜양면),재호박아파트,051-249-7095,gyeongsug16@example.com
김준혁,01730,충청북도 태백시 봉은사거리 22 (현주박읍),보람이마을 Z동 375호,043-093-8731,bi@example.net
이종수,58687,세종특별자치시 종로구 도산대81거리 359,정호한타워 X동 939호,055-332-1636,yeongho80@example.net
권정숙,34699,대전광역시 양천구 영동대길 905-90,영희박타워,010-6979-3063,yeeungim@example.org
이민준,47329,울산광역시 은평구 서초중앙1가 357,정순장김아파트 가동 550호,031-114-2623,zgweon@example.org
김영희,67293,광주광역시 양천구 테헤란1길 722-76 (명숙김유리),정자백백연립 672호,02-1735-2923,seongjunyeong@example.net
김지연,90848,전라남도 여주시 잠실07가 지하179 (민준이마을),경수김빌라 X동 164호,051-996-8026,minseo94@example.net
엄동현,39392,울산광역시 강서구 서초대로 301,영호박연립 517동 773호,032-757-9820,seonghun89@example.net
김영길,17498,부산광역시 송파구 선릉733로 508 (병철최면),혜진장연립 Y동 682호,051-346-6712,mgim@example.com
김중수,70553,대구광역시 은평구 영동대57길 575-18,영철김빌라,043-603-7025,eunjugim@example.net
양지은,77594,광주광역시 강서구 석촌호수225가 지하826,준혁백타워,054-072-0689,minjun37@example.net
강영순,69201,충청남도 하남시 언주719로 102-68,명숙김박빌라,019-318-8002,fgim@example.net
백현지,73409,경기도 진천군 가락41가 166 (서영김김마을),동현남이빌라 D동 888호,016-302-8599,jiabag@example.com
김지우,36457,충청북도 강릉시 개포345거리 970-50 (하은윤최마을),영일황김빌라,017-422-8371,wgim@example.org
강하윤,56466,세종특별자치시 양천구 가락3가 808-62,영수강타워 M동 866호,052-547-1413,eunju65@example.com
박유진,90199,서울특별시 광진구 개포8길 995 (선영지이마을),영길김김타워 G동 264호,010-5818-5420,hyeonubag@example.com
안정희,52555,부산광역시 광진구 개포길 지하311 (상현김박면),지원강연립,031-830-7326,osugja@example.net
최영순,23177,충청남도 논산시 삼성860로 지하987,정숙이윤마을,018-643-6233,hyeonjuna@example.com
황시우,72018,인천광역시 중구 강남대로 34-2,준서최연립,019-903-3735,muneunseo@example.net
최예은,00144,충청남도 부천시 오정구 백제고분길 47-71 (예지김고리),영철진타워 715호,052-768-4136,junseo68@example.net
김정희,59804,경상북도 제천시 석촌호수075길 841 (재현이리),승민김타운,043-392-2855,pu@example.org
박숙자,87593,충청북도 속초시 도산대로 599-31 (민서김조마을),승현박연립 064호,064-710-9931,jeongsu58@example.com
유영숙,55006,대구광역시 영등포구 도산대034로 743,지아이마을 144동 351호,041-150-2959,misuggim@example.com
이성현,10282,경기도 태백시 삼성02길 439-22,아름김김연립 W동 018호,055-892-8759,coeyeongil@example.org
이경자,66766,부산광역시 마포구 테헤란1로 701-91,지연박최빌라 Q동 790호,051-521-6590,pi@example.com
민정훈,83488,울산광역시 양천구 강남대261거리 282-30,준서이박연립,062-379-4894,igim@example.net
박정숙,35279,대구광역시 영등포구 오금027거리 746,우진최이연립 422호,010-1038-3844,jeongsu32@example.org
이옥자,63447,대전광역시 광진구 삼성652로 462-28 (춘자이동),서현이타운,032-858-0156,simmisug@example.com
박준영,05771,경상북도 강릉시 영동대00길 706,보람김타운 B동 194호,032-969-6791,pi@example.org
이정수,49419,대구광역시 중랑구 역삼거리 827-49 (미영오읍),주원문마을 C동 976호,043-781-3934,ijieun@example.org
주하은,86404,충청북도 성남시 분당구 학동거리 지하203,현우최백연립 560호,010-2411-8778,kgim@example.com
홍지아,60624,경상남도 안산시 단원구 논현로 431 (성진오리),하윤이연립 112호,017-314-2924,hongjunseo@example.net
이정순,86356,서울특별시 관악구 압구정373거리 795-18 (영미박동),하은박김연립 709호,041-585-8748,yeongsuggim@example.com
장명자,03823,울산광역시 성북구 선릉30길 519-45 (서준박배읍),지은배김타워 957호,032-141-9265,igang@example.com
이우진,61086,경상북도 음성군 서초대로 271,명숙김아파트 463호,041-776-7929,minjunjin@example.net
양정수,20348,울산광역시 송파구 백제고분거리 797,지아고김마을,042-898-0984,tsong@example.net
김성호,97272,전라북도 서산시 영동대가 880 (정순이이동),도현윤빌라,043-738-3234,yeongjin80@example.com
김영환,15792,인천광역시 동구 테헤란로 233,수빈김마을,010-8827-4972,lbag@example.com
이미숙,26223,대전광역시 동구 도산대88로 지하167,상현서타워,044-702-4390,gimjihun@example.net
윤종수,24869,경기도 양양군 학동거리 158-19,정호박문타워 L동 569호,044-982-0603,ujin94@example.net
권민재,70441,경기도 청주시 상당구 선릉로 992,명자지타운,02-7636-9282,pi@example.com
강은정,46422,제주특별자치도 홍천군 개포162가 736 (은정김동),병철고아파트,033-498-9030,minseog23@example.com
박상현,85109,서울특별시 강동구 가락574가 520 (준서한양동),경자장빌라,051-528-9815,myeongjagang@example.com
최경수,73524,경상북도 평창군 도산대길 272-70 (현정김이리),준서나연립,017-459-6060,cunjahan@example.com
김윤서,77870,강원도 예산군 가락로 847-94,종수오남연립 173호,02-3469-0406,vgweon@example.org
박광수,66938,부산광역시 관악구 논현길 288 (현우이마을),진우윤오타운 F동 277호,051-838-2898,isugja@example.com
이은주,02839,서울특별시 금천구 잠실2길 272-10,진우이마을 205호,033-662-6850,ijaehyeon@example.org
김영길,45577,광주광역시 도봉구 삼성가 691,서준박이빌라 119호,051-603-9513,agim@example.org
최예은,43180,광주광역시 강남구 영동대25가 지하483 (아름박리),서윤백서타워 272호,010-0533-3141,gojeonghun@example.org
주우진,43579,광주광역시 중구 봉은사길 84-44,건우김주타운 I동 086호,053-978-0668,jiminson@example.com
이준영,16271,경상북도 안산시 단원구 양재천거리 13-73 (보람김마을),영미손김타운,019-420-8953,bagmiyeong@example.com
서정자,88273,제주특별자치도 안산시 상록구 석촌호수90가 447,종수배타워 V동 512호,032-499-4552,rsin@example.org
윤미숙,15994,경기도 부천시 원미구 테헤란거리 65,은영김아파트 P동 076호,018-189-5445,ujin03@example.org
박준서,63618,대전광역시 북구 가락가 583-88,지은김연립 B동 148호,070-4814-7486,icoe@example.com
문서윤,06406,충청북도 남양주시 선릉41로 651-54 (수진고송면),지민오김타워 525호,016-722-2147,coejaehyeon@example.com
서영일,51735,세종특별자치시 영등포구 테헤란로 641,은지홍이아파트,052-978-7192,yeongsu15@example.com
이영환,04038,충청남도 용인시 처인구 역삼로 842-3,선영이김빌라,033-931-8020,sumin18@example.com
한지영,89082,대구광역시 북구 반포대길 213-89 (예준고박마을),영철이아파트 531호,053-886-4001,isunja@example.com
서은서,54775,울산광역시 성동구 개포길 지하537,미영박권마을 803호,044-894-1376,oan@example.com
김상철,39865,인천광역시 중랑구 테헤란길 지하151 (지후안리),정훈김타워,043-859-8047,junseogim@example.com
한미경,65616,제주특별자치도 천안시 서북구 강남대798길 533-91,성현박강마을 667호,064-770-5093,xi@example.com
최지은,39213,서울특별시 도봉구 영동대길 787-45 (정호김윤읍),지혜김연립,044-474-9032,byeongceol82@example.net
이도현,08224,충청북도 양주시 봉은사0로 691-14 (지훈김면),숙자김타워,011-596-2438,junho04@example.com
김성수,66723,울산광역시 중구 서초대거리 588 (주원김읍),현주장오연립 975호,041-387-3583,gyeongja26@example.net
하영호,38373,대전광역시 은평구 오금거리 908-78 (경자박리),채원이빌라,018-371-9454,eungyeonggim@example.com
박채원,43776,울산광역시 용산구 논현81길 668-14 (현준하동),예준전빌라 E동 992호,017-489-4452,seongsu21@example.com
박하은,45817,서울특별시 중구 학동7가 66-44 (혜진박동),순자허아파트 130호,031-092-1262,gimjunseo@example.org
최현주,48206,인천광역시 북구 봉은사가 431-45,춘자류강타운,033-366-6287,pgim@example.com
이미영,57644,경기도 양구군 논현880길 638 (영환이박마을),현지이서타워,062-567-1351,ihyejin@example.net
고은경,73856,경상남도 속초시 역삼길 지하328,영환고김타운,052-048-8890,jihu61@example.net
김경숙,25992,세종특별자치시 금천구 서초중앙길 448-66 (정숙이면),예진손연립 554호,051-848-6431,gimhyejin@example.net
이성훈,74612,광주광역시 노원구 오금길 730 (우진김박면),영길윤구아파트 마동 050호,010-3874-9491,eunji12@example.org
문지혜,46563,울산광역시 성북구 강남대6거리 지하790 (미정황나리),수민김타워 F동 122호,070-8551-3164,mi@example.org
최민준,70799,부산광역시 동작구 선릉길 지하496 (예은이동),숙자장빌라 R동 589호,055-129-8242,si@example.com
이하윤,86576,강원도 서산시 봉은사거리 464,성훈이김연립 W동 070호,019-827-6170,jaehoan@example.net
박정수,94390,전라남도 영월군 오금404길 988,주원이타워 W동 633호,052-911-2676,junhyeog95@example.org
이정웅,22717,세종특별자치시 서구 도산대가 475-63,예진김이연립,052-655-8273,bjang@example.org
권민서,42221,경상북도 금산군 선릉5로 948-10,정수최아파트,042-323-7214,mjin@example.com
김준호,36445,경기도 청주시 상당구 도산대가 212-56,성훈강노빌라,02-7047-5183,gyeongja28@example.com
장은정,36284,충청북도 서천군 강남대로 507,아름김연립 283호,031-411-2101,hyejin81@example.net
박재호,63624,서울특별시 강동구 개포10길 418 (예지이김마을),민준박박연립,064-755-1666,yno@example.org
박정순,13695,충청북도 고양시 일산서구 학동06로 408 (혜진김윤마을),민서구마을 100호,011-806-8970,yejun21@example.org
박수진,56527,충청남도 정선군 영동대거리 384,재호김이타운 H동 965호,070-6546-8713,yeonghwani@example.net
이진호,27436,전라북도 성남시 수정구 언주길 53-72,주원이빌라 O동 771호,042-301-7685,eunju18@example.net
박예진,48121,울산광역시 강서구 반포대가 710-29,선영배마을 004호,017-117-7178,seonghyeongim@example.com
황영길,68078,충청북도 성남시 분당구 테헤란2로 461 (도현박면),진우박아파트 D동 876호,033-699-0432,bhan@example.com
이정순,55054,충청남도 동두천시 삼성거리 지하317 (미경심김마을),지혜박홍타워 707호,032-219-3567,gimeunyeong@example.org
김하은,09446,서울특별시 서구 서초중앙2거리 지하230 (현정양홍리),예지고아파트 525호,031-109-8253,subinha@example.com
송병철,46519,경상북도 고양시 덕양구 도산대45거리 614-53,혜진강이마을 663호,055-865-6525,bagjunho@example.com
엄지혜,76880,경기도 정선군 반포대거리 714-25 (승민송읍),정자유이마을 W동 449호,054-689-1922,gyeongsubag@example.org
남순옥,02892,대구광역시 용산구 가락3길 637,순옥배타워,043-592-1672,anjunseo@example.com
안영희,99223,대전광역시 북구 잠실길 530-34,영자이양마을,052-601-8531,jeongsu66@example.net
김도윤,98698,경상북도 보령시 반포대거리 478-63,성호김양빌라 905호,011-668-9017,gimjeongsug@example.net
김민재,69891,세종특별자치시 남구 언주길 598-62 (준혁윤백읍),하윤김서타워,043-702-7652,gimjiyeon@example.net
김미경,90128,전라북도 동해시 테헤란089로 202 (현지권박면),주원강빌라 657호,070-1438-9621,ri@example.net
최지민,02925,대구광역시 서초구 역삼93로 137,하윤류아파트 Q동 729호,063-190-2651,iseoyun@example.org
김미경,14861,전라남도 부천시 오정구 역삼로 54 (미영송최면),수진김백아파트 L동 097호,041-185-5373,ogim@example.com
권지은,32842,인천광역시 동작구 서초중앙가 875,현지김아파트 391호,033-266-9638,ujin29@example.org
김영철,39504,부산광역시 성북구 서초대가 764-73 (성진손동),정웅박연립 780호,032-647-1198,yunseongjin@example.org
이하은,62169,충청남도 동두천시 테헤란9가 371-69,은경김아파트 G동 905호,062-174-5140,hyeonu17@example.net
손지민,75582,대구광역시 남구 석촌호수915가 447-93 (성호남지읍),영식김김아파트,062-314-6120,gimyeongil@example.org
이수민,86303,대전광역시 양천구 압구정거리 524-95 (숙자구리),영숙류아파트 라동 955호,063-365-2224,yeongceolgim@example.net
김성수,04897,경상북도 가평군 개포784가 474 (미정김읍),정순한허타워 415호,016-749-8959,hyeonu15@example.com
문재현,10476,강원도 이천시 가락가 683,민지윤김연립 200호,019-393-5175,jeonghoi@example.net
김채원,50819,전라북도 동두천시 양재천가 104-25,준혁이빌라 D동 169호,032-095-0839,ljo@example.org
박상호,12377,세종특별자치시 강북구 학동58거리 753,예은이타운 476호,054-062-6314,ecoe@example.com
김진호,57307,인천광역시 성동구 오금거리 389 (혜진이마을),재현김권마을,043-922-8917,bgim@example.net
최현지,23408,부산광역시 서대문구 삼성40로 972-45 (서현김읍),예준김빌라 942호,051-059-6431,areum56@example.com
이민서,33714,충청북도 영월군 서초중앙가 770,현지김송타워,016-365-3073,misug91@example.com
박지아,38763,서울특별시 동구 서초대308거리 810-93 (병철이동),민수이마을,010-3836-6454,jihucoe@example.net
김순자,57207,경기도 성남시 수정구 백제고분가 82 (동현김읍),순자이마을,061-269-4904,ogsungim@example.net
김종수,59520,전라남도 동해시 석촌호수거리 827-58,윤서김타워 J동 433호,032-678-6334,misug99@example.com
양하은,17488,울산광역시 북구 압구정4길 700,숙자정연립,054-366-6857,gyeongsu21@example.com
진현우,13172,경상남도 고양시 덕양구 개포9길 626 (지연조황읍),상호이이아파트 A동 142호,063-227-8949,ri@example.net
김진호,21967,제주특별자치도 서천군 반포대로 213 (종수권최동),시우김타운,064-728-4753,jeongung38@example.com
박순옥,53387,충청남도 청주시 청원구 압구정거리 748,광수김마을,032-954-8158,eunyeong98@example.com
유영수,29080,경기도 안산시 백제고분로 426-2,은주김연립 Z동 509호,070-5770-2271,jeongungbag@example.com
노현우,16665,서울특별시 북구 개포가 562,영순배타워 767호,044-045-0259,yeongjingwag@example.com
박영숙,46992,세종특별자치시 동작구 도산대574길 504-63,지영백타워,070-6258-8186,yejii@example.org
문민재,16606,제주특별자치도 수원시 권선구 반포대로 265-8 (영희이최동),은지장타워 M동 282호,051-826-9885,yunseo43@example.com
이민수,32766,전라남도 보령시 압구정가 835 (서현김박면),은지이마을 나동 930호,061-293-3618,eungyeong84@example.com
양현숙,93158,서울특별시 동구 도산대거리 456-99 (영식황장동),서연김타운 P동 744호,041-492-0714,nseo@example.org
송영철,04829,세종특별자치시 도봉구 봉은사4가 64 (지현김리),민지최연립 S동 123호,016-368-0740,imigyeong@example.net
백도현,19461,경상남도 괴산군 석촌호수길 710,준서김박마을 205호,011-422-9432,ijaeho@example.org
조성호,73990,부산광역시 은평구 반포대0로 618,정훈서빌라,054-051-8724,jeongung43@example.net
김현지,67281,전라남도 청주시 청원구 반포대길 347 (채원김황읍),성훈최타워 650호,044-609-9757,jeongsigi@example.com
최정자,11967,서울특별시 강북구 테헤란길 767-70,정식김마을 816호,055-997-6632,cunjagweon@example.com
윤지은,17325,경상북도 동두천시 강남대거리 8 (시우박동),민서김박타운,033-688-9100,yujin85@example.net
이종수,22253,광주광역시 종로구 역삼750로 지하636 (은경이이리),예지김빌라 484호,02-4887-1913,myeongsuggim@example.net
이지연,96520,제주특별자치도 용인시 처인구 삼성5길 759,정자김황타워 049호,063-176-2341,minjun94@example.com
서지후,63946,충청북도 안성시 역삼길 405,예원남빌라 I동 934호,061-003-3627,jeongho72@example.com
양민수,26249,전라북도 파주시 강남대169거리 240,상현고김마을 439호,070-8075-0983,igim@example.org
이정수,86904,제주특별자치도 화성시 테헤란51로 308-26,준혁이강빌라,053-556-0070,bjang@example.org
민미경,31503,부산광역시 서대문구 백제고분거리 지하95 (영미박마을),영식강박타워 537호,064-714-6545,ihayun@example.org
윤미정,45836,서울특별시 마포구 양재천089길 149,하윤이노아파트 K동 772호,02-8378-7473,yeongjino@example.org
김아름,24658,제주특별자치도 영월군 강남대길 240,아름김이마을,02-8658-3274,jihyeon76@example.com
류준영,31323,충청남도 포천시 도산대거리 지하431 (민서박동),정희지아파트 026호,054-974-9476,gwangsu98@example.net
김지후,18220,울산광역시 도봉구 테헤란23거리 지하806 (지민김문동),영수이빌라 480호,054-982-2153,mgim@example.com
전민서,29869,광주광역시 관악구 잠실로 578 (미숙류최리),정희강마을 736호,031-695-8538,iseoyeon@example.com
강예진,15577,울산광역시 구로구 학동5로 519 (서연김동),상훈이아파트,02-9942-4198,tgim@example.com
박지현,07864,전라북도 수원시 영통구 반포대372길 707-63,은지김연립,016-625-4261,jinhojo@example.com
조경숙,40083,세종특별자치시 강남구 압구정835가 319,수진이홍연립 D동 447호,033-731-8228,bagjimin@example.org
이현준,83984,울산광역시 중구 개포로 지하778,선영이타운 나동 082호,010-7463-7968,yejuni@example.com
김은정,39379,부산광역시 은평구 언주거리 602 (옥자김오마을),정숙류아파트 Z동 236호,063-133-6550,jimingim@example.net
김정호,81148,광주광역시 강북구 역삼19길 965-47 (현숙박읍),수빈이김타운 I동 503호,017-008-5337,gimyejun@example.org
곽예원,45281,울산광역시 북구 개포거리 706-32,미영배배타워,042-226-1247,yujino@example.net
임도윤,45519,강원도 증평군 역삼가 915-98,서윤김이빌라 U동 118호,019-113-2346,yejun20@example.org
윤성진,65832,부산광역시 서구 압구정로 지하524,현정김타워,02-6746-0494,ygim@example.org
한은서,57975,경기도 부천시 압구정797로 25-9 (성현최조마을),미경김이타운 F동 759호,053-558-4257,imisug@example.org
강민준,47661,세종특별자치시 용산구 강남대0로 지하145 (성진김마을),도현이타운 U동 444호,032-256-9979,seonghyeoni@example.net
김성호,58229,강원도 수원시 영통구 백제고분거리 119-39 (숙자최김읍),정순이안마을 W동 040호,019-462-6291,ygim@example.org
허현우,22529,인천광역시 동대문구 백제고분길 684,아름이김타운 359호,018-854-9892,bagjeongsun@example.net
서명자,87626,충청북도 아산시 테헤란가 714-69,지원박김연립,032-044-0261,ogja48@example.com
김지민,78372,경상남도 수원시 오금949거리 지하260 (보람김마을),명자고타워 E동 826호,018-881-2611,eunseojo@example.org
하은경,86165,광주광역시 금천구 오금898거리 299-68 (영희권오동),숙자박김타워 246호,019-724-2909,yejun33@example.org
이정수,04338,부산광역시 종로구 영동대34로 723-26,정자배이연립 225호,064-722-8171,jihyeson@example.org
최명자,19992,울산광역시 금천구 학동00가 지하896 (영미김박면),영수박이빌라 775호,051-473-7173,jinugim@example.net
고진호,92564,서울특별시 북구 학동971가 33,지민이문아파트,017-582-4047,ao@example.com
이명숙,71192,대전광역시 강서구 봉은사849거리 129-95,서준이타워 062호,064-736-0794,misugan@example.net
이순옥,38166,부산광역시 마포구 도산대가 931 (민수이읍),예은이하타운 K동 536호,032-035-8247,gimyeonghyi@example.org
양시우,31990,경상북도 안양시 만안구 오금로 649-1 (지우이마을),재호송이타운,070-5049-4020,bagjeongsu@example.net
이승현,63657,전라남도 용인시 수지구 양재천가 지하936 (민준박서동),정웅이박빌라 829호,070-9015-6916,hyeonsug42@example.org
송아름,18045,경상남도 홍천군 선릉로 866,미영윤타워,053-068-9095,misugno@example.net
이정수,22693,충청북도 군포시 양재천로 658-76,정웅김이마을 U동 057호,033-638-4693,ijeongsig@example.org
김미숙,12896,경기도 하남시 선릉091길 554-6 (준혁허김동),상철송곽타워,018-329-4952,wgim@example.org
김동현,50686,인천광역시 관악구 역삼로 154,미숙양윤타워 29동 720호,063-639-6320,eunji46@example.net
박경수,02457,경상남도 청주시 청원구 언주로 900,정수김마을,061-792-8299,gyeonghyigim@example.net
김서연,98444,울산광역시 동구 봉은사가 530-21 (정식임장리),건우양연립 707호,016-910-3034,jiminbag@example.net
이민석,55212,전라남도 속초시 가락66가 394 (준혁이김읍),순자허빌라 T동 833호,011-595-4306,yejun57@example.net
이현숙,67831,경상북도 부여군 논현길 430-70,은정김연립 661호,043-752-7292,jiyeongi@example.org
임정식,44007,충청남도 고양시 일산동구 삼성가 335-70,민준최김연립 531호,055-985-7057,jeonghun54@example.org
최하은,04215,광주광역시 강북구 봉은사632길 747 (성민장하리),지우이강아파트 524호,052-227-0804,gimyeonghwan@example.org
김유진,84308,충청남도 철원군 압구정74가 886-68 (성훈김심리),민석박타운,070-8834-9970,mijeongjo@example.com
박은영,86261,경상남도 청양군 압구정24길 50 (성수강허동),정남황백아파트 574호,063-277-9160,gyeongsugi@example.com
김서준,66785,강원도 수원시 장안구 논현가 820,영식권타운 879호,043-024-2757,nno@example.com
최서연,34009,서울특별시 송파구 영동대로 127,현주김심타운 Z동 723호,055-900-0639,yeongsugi@example.net
박재현,21217,대구광역시 금천구 석촌호수910로 지하204 (상철최동),영진김타워 D동 414호,052-726-1564,ujin67@example.com
이승현,91577,전라남도 홍성군 도산대0로 지하961 (정자김읍),정식강이마을 W동 845호,031-742-5709,jangmisug@example.org
문아름,61193,인천광역시 종로구 백제고분길 633,준영김타워 Y동 262호,010-2225-3478,gimsunja@example.com
송현숙,87705,대전광역시 강남구 논현4가 80 (재호이마을),은주이타운 라동 522호,051-032-2264,wbag@example.org
김주원,71747,제주특별자치도 정선군 학동05거리 786-56 (상호송최읍),민수최빌라 596호,041-836-1828,iseongjin@example.com
김종수,27761,인천광역시 금천구 봉은사길 392 (서영이리),선영조타운 A동 714호,053-667-4925,juweon79@example.net
이민석,25707,울산광역시 금천구 양재천거리 315 (혜진강읍),성현허이타워,062-996-7595,jiaryu@example.org
노영환,00399,강원도 음성군 언주거리 716,시우김김아파트 J동 214호,031-436-5639,seonghungim@example.net
진우진,85642,대구광역시 강서구 논현38로 370-76,도윤김연립 042호,010-4169-6973,minjison@example.org
서성훈,76417,울산광역시 관악구 양재천95로 7-6,옥순오최빌라 H동 096호,02-4789-1306,songeunju@example.net
권하윤,19743,대구광역시 도봉구 개포가 519,지아주배연립 V동 788호,016-932-4316,areum56@example.net
강미숙,77351,인천광역시 서대문구 압구정로 37 (미경이동),도현박아파트,064-753-4005,iseongmin@example.com
김현우,88890,대구광역시 광진구 역삼82로 180 (서윤조리),미정박최빌라 V동 237호,062-801-8300,yeongil01@example.org
박상현,96703,경상남도 부천시 원미구 압구정3로 287-14 (지혜최이리),정희김마을 308호,052-566-9656,yeongsu03@example.com
홍은영,97118,강원도 금산군 학동길 642,은경이연립 583호,053-849-9778,ino@example.org
박지우,01666,경상남도 동두천시 개포가 754-2 (서준김마을),예원이박아파트 357호,062-650-2060,gimjeongsug@example.net
배상현,98750,인천광역시 용산구 개포길 70,영일서타운 722호,010-2846-1324,yeonghyii@example.org
한영길,59769,대구광역시 은평구 양재천058가 71-18,선영이지타워 973호,016-716-4284,lbag@example.com
송정숙,33553,전라북도 원주시 강남대가 지하214,현정이타운,016-266-1421,yunyeji@example.com
최영자,96506,부산광역시 도봉구 테헤란580거리 93-29,영순이타운 598호,051-828-1274,jiweon51@example.org
홍보람,30069,강원도 청주시 청원구 서초중앙9길 976,영순김마을,011-985-0037,sunoggim@example.org
박정훈,07046,부산광역시 동대문구 서초대길 591-50 (상호김읍),정식전마을 F동 768호,070-7372-0250,xo@example.org
고영미,89563,경기도 홍성군 논현로 205-84,영진김이아파트,052-567-4251,myeongsugyun@example.com
차준호,52422,부산광역시 은평구 논현가 540 (영수하리),지영남이타워 B동 691호,051-922-8845,sanghyeon10@example.org
홍영미,00539,충청북도 제천시 압구정길 264,현우하타워 466호,032-682-1212,bagdoyun@example.net
김병철,82248,광주광역시 성북구 서초대124로 659,경자최연립 D동 413호,064-743-4297,hyeonjugang@example.org
박성진,11461,세종특별자치시 강북구 반포대8로 737 (미정송김읍),건우조아파트 Q동 864호,053-989-9410,gyeongsu75@example.com
김민재,69940,경기도 안양시 동안구 가락8길 275,상철김이마을 064호,044-415-8410,eungyeong00@example.org
이준서,26212,대구광역시 남구 봉은사78거리 183-12 (순자장마을),지현문나타워 093호,043-312-1974,gimhaeun@example.org
조춘자,36190,제주특별자치도 포천시 언주0가 994-61,지연김김마을 174호,019-488-7063,jinu06@example.com
이정순,83906,광주광역시 종로구 언주60로 898 (미경허면),영철서타운 Y동 720호,061-246-6579,juweonbag@example.org
강종수,55373,제주특별자치도 동해시 언주5로 118 (현준최주리),순자문마을 F동 043호,02-5286-2439,yeonghoi@example.org
오민준,66872,경상북도 논산시 잠실거리 297-30 (현정김이동),영진이타워 305호,054-790-1325,ieungyeong@example.org
이미숙,36861,부산광역시 중구 반포대613로 40-18,예은김타워,070-0604-1122,umun@example.com
장순자,17770,경상북도 청주시 상당구 개포38길 지하579,옥자배황마을 543호,064-743-2514,agim@example.org
박옥순,32433,부산광역시 관악구 학동385로 515 (준서안류마을),옥자최김타워 D동 993호,051-836-5818,iyeongmi@example.com
류정자,68582,세종특별자치시 은평구 석촌호수12가 524 (중수최리),지훈최타운,019-639-8796,yeongil53@example.com
김명자,80146,대전광역시 중구 테헤란길 113 (채원박마을),춘자이타워 136호,042-128-5563,abag@example.com
박혜진,70257,강원도 의정부시 오금로 410,민수김김아파트,054-477-9654,mson@example.com
이도윤,96231,전라북도 화천군 언주655거리 668,주원황박아파트 986동 008호,051-954-9043,baeminjae@example.com
박병철,56195,충청남도 성남시 분당구 양재천66거리 87-25 (아름안송마을),준혁장안타워 112호,018-229-7553,isong@example.com
홍아름,00911,충청남도 평택시 석촌호수899길 지하159 (수진나마을),지우박아파트 595호,011-946-8233,myeongsug98@example.org
류민준,03174,전라북도 정선군 석촌호수917로 지하893,수민양아파트 바동 265호,043-179-7315,ngim@example.com
이정순,02535,강원도 홍성군 역삼99가 310-24,승민이전타워 V동 552호,02-1182-7463,yangsanghyeon@example.com
우현주,53580,대전광역시 광진구 도산대거리 381-2,도현홍이빌라 39동 968호,055-822-0171,caeweoni@example.com
이성현,00756,대구광역시 중랑구 봉은사7길 477,서윤이빌라,041-816-2384,byeongceol71@example.org
이준혁,36763,전라남도 의왕시 테헤란6로 지하98 (미정최읍),은지김김아파트 L동 604호,017-358-5267,junhyeogan@example.org
황정남,80707,울산광역시 동작구 삼성821거리 298,주원지마을 E동 568호,053-265-1423,gimjeongsun@example.org
이시우,62066,부산광역시 강남구 양재천길 지하929,은영이빌라,054-302-9609,misugcoe@example.com
김민서,93027,인천광역시 영등포구 학동길 317 (옥자안읍),현지김남타운 Z동 660호,02-2793-4731,jaehyeonnam@example.org
박정자,81754,경기도 이천시 서초중앙5길 898-97 (광수김마을),명자이빌라,053-865-4485,gbag@example.org
류순옥,45870,서울특별시 강서구 백제고분거리 지하324,정수장아파트,070-2472-3602,chan@example.net
한선영,18919,경상남도 청양군 학동9가 554,수민심연립 181호,064-774-8143,gimsunog@example.com
이은주,25725,전라남도 용인시 기흥구 테헤란가 863-35,하은김성아파트 H동 274호,016-711-3711,igwangsu@example.net
정성진,22568,전라북도 포천시 서초중앙56거리 지하565 (서현홍김마을),성진강김타운,054-568-5915,ybag@example.com
이준혁,12928,광주광역시 중구 양재천62가 168 (정자조동),아름홍마을 137호,051-743-8775,hanmijeong@example.org
조준혁,44091,대전광역시 영등포구 잠실로 126 (예은이황면),윤서박황타운 라동 371호,070-5655-2514,areum24@example.org
안지연,06028,경상북도 부천시 소사구 학동0거리 665-25 (성현한이마을),지영김김빌라,070-0169-1514,ijongsu@example.net
김준혁,05663,인천광역시 송파구 언주가 385 (미정장리),서준민연립 675호,064-703-7150,gimsumin@example.com
김정훈,28814,대전광역시 영등포구 학동길 18,민석윤김마을 X동 913호,055-312-6755,ujinbag@example.com
박영숙,69148,세종특별자치시 은평구 테헤란2거리 974,미정허전연립 T동 447호,064-783-6211,caeweon09@example.org
김예원,00117,경상남도 고양시 백제고분가 539 (재호이박마을),진호김연립 X동 767호,017-570-1298,hyeonuyang@example.com
장민석,22685,충청남도 인제군 반포대707거리 324-2 (수진윤유면),지은김남마을 V동 891호,031-218-6091,jeongnamyun@example.org
허서현,29136,경기도 논산시 오금50길 71-16 (현주양읍),서윤최타운 699동 710호,063-173-1949,bagcaeweon@example.org
강정웅,40603,전라남도 고양시 일산서구 백제고분거리 494,수빈김아파트,011-829-1434,jihyeon20@example.com
남옥순,19066,경상남도 양주시 오금로 468,서영남타워 835호,033-816-7577,hyeonsugjeon@example.net
강준혁,40590,경상남도 양주시 오금로 530-53,재호박이타운,033-503-5642,gimyeongceol@example.com
김성수,65897,광주광역시 서대문구 가락로 455-65 (승현강리),경희이빌라 C동 914호,017-030-4930,seoyeonseo@example.com
윤민수,33681,서울특별시 강북구 역삼3거리 835-15,은지김신연립 다동 897호,031-895-2293,minseog57@example.com
박영호,09127,대전광역시 남구 잠실길 971,지은김마을 V동 858호,010-1708-2884,caeweonbag@example.net
김성수,79357,충청남도 정선군 잠실가 277,영일손김빌라 R동 900호,052-413-9444,bageunju@example.net
김상호,36746,전라남도 안산시 단원구 석촌호수가 589,은영이타워,032-299-2164,igyeongsug@example.org
전미영,25639,전라남도 영월군 학동371가 710,영순박빌라,016-498-8333,xheo@example.net
오준영,24976,부산광역시 구로구 잠실길 846,재호이노아파트,062-096-0215,jiugwag@example.com
김성현,99183,충청북도 춘천시 학동6가 635 (경자김동),지연최마을 543동 501호,070-7556-2180,wbag@example.org
김영식,11743,부산광역시 중랑구 강남대7길 104-71 (성진양정마을),중수황타운 493호,063-020-3258,bagcunja@example.net
김서윤,71223,세종특별자치시 노원구 강남대길 622-3 (승민김오읍),서윤류연립 R동 197호,042-661-3410,hagyeongja@example.com
이지연,60681,강원도 용인시 수지구 삼성59거리 273-12 (유진장최면),준호김마을,054-518-9356,acoe@example.com
김예은,23147,제주특별자치도 홍천군 봉은사길 7-97,재호손박마을 나동 462호,054-276-1683,zgang@example.net
김성현,18090,울산광역시 금천구 선릉2로 308-35,민준서타워,055-038-9585,obaeg@example.org
이채원,24869,서울특별시 성동구 삼성거리 121-75 (정훈이김리),정자전타운,018-520-0388,sbag@example.net
이현정,73503,세종특별자치시 동구 가락거리 지하957 (민재장박마을),지후한김타운 634호,070-3545-2589,dcoe@example.com
김진호,32107,충청남도 진천군 반포대4길 671 (하윤박마을),영호김타운 905호,042-310-0773,hgim@example.com
이영식,24428,인천광역시 동구 테헤란1거리 652-6 (예지윤홍리),예원김빌라,044-084-5893,seonghohong@example.org
박영일,52405,대구광역시 중구 봉은사가 16,영진김타운,016-983-5819,migyeongbae@example.org
김지현,01278,충청남도 보령시 서초대73가 519,민지박조빌라 116호,02-5755-8068,eunseo06@example.org
김정남,50777,광주광역시 서구 서초중앙길 374 (현정오동),영식서김아파트 40동 744호,031-155-8225,jongsu66@example.org
백정남,57998,인천광역시 송파구 역삼길 134,명숙김김연립 576호,032-756-5062,eunji04@example.org
김경자,64055,전라북도 부천시 오정구 영동대로 199 (정식박강동),영순진최타워 C동 931호,052-621-8084,lbag@example.org
이중수,43869,서울특별시 동대문구 개포9길 73 (주원조리),준서이마을 015호,054-815-1809,jeonghun46@example.net
류은지,77477,제주특별자치도 양주시 도산대로 110-29,영희박연립 274호,010-1496-2460,gimhyeonju@example.org
이경수,36416,충청남도 고성군 테헤란거리 280-45,현우이김아파트 L동 249호,043-414-7347,ogsun78@example.net
이광수,31836,울산광역시 노원구 서초중앙97로 798 (선영서리),현숙김타워 라동 187호,041-852-3179,mgim@example.com
권상훈,93512,전라남도 증평군 석촌호수668가 464-74,정훈이아파트 681호,042-056-7752,seonghuni@example.org
윤수빈,66574,대전광역시 광진구 강남대10가 345 (옥자엄김읍),서연송이빌라 다동 001호,032-178-5323,cgim@example.net
신광수,93176,경상북도 천안시 동남구 도산대길 224-96,주원서아파트,016-371-2211,mijeong30@example.net
심영숙,24716,전라북도 부천시 원미구 삼성길 47 (도현박최리),상호신마을 C동 711호,054-822-6935,seungmin53@example.org
김지아,30172,제주특별자치도 안산시 양재천길 757,성진고김타운 W동 305호,062-517-3525,gyeonghyi41@example.com
장정수,15306,서울특별시 은평구 잠실길 194-12,지연오마을 X동 041호,070-6197-8183,sangceol31@example.net
심정남,76606,강원도 동두천시 언주5로 858-80,예은심김타워 S동 454호,064-767-3445,fjeon@example.org
김도현,03172,인천광역시 용산구 잠실29가 407-37 (영숙김오읍),명자윤타워 073호,063-899-4932,bagyejin@example.org
오지아,21659,부산광역시 용산구 개포92로 738 (정순김면),정호박심빌라 763호,018-632-9822,ubag@example.org
송성수,22087,제주특별자치도 충주시 언주856거리 145-64,현준고마을 325호,062-088-5984,sunoggim@example.com
이민준,58859,광주광역시 동대문구 학동28거리 121-24 (미숙허장읍),승현김타워,016-964-3364,cunja75@example.com
하영진,80118,인천광역시 동대문구 서초중앙7가 806-70,영미이연립 899호,041-994-5546,hbae@example.org
오지아,21365,세종특별자치시 송파구 서초중앙910가 709-66 (명숙이리),지현김최연립,062-574-5442,gyeongsuji@example.org
류지영,38885,전라남도 안양시 만안구 삼성95거리 437,정수김연립 888호,02-2796-4249,zgim@example.com
김미정,17666,서울특별시 영등포구 삼성0가 634,지원박빌라 109호,044-808-9296,yejun42@example.org
이지훈,26802,경상북도 청주시 서원구 언주로 28-10 (준호이면),은영이김마을,055-003-9079,nhwang@example.com
김지우,77574,광주광역시 용산구 서초중앙길 420-74,영철김나타워,011-517-6114,minseo35@example.com
한순자,42396,제주특별자치도 태백시 선릉가 638,성진장타운 185호,052-769-7260,siugim@example.net
장옥순,47432,경상북도 안산시 학동가 831-8,정자노타워 843호,054-356-8213,xu@example.net
김민준,22899,부산광역시 서초구 삼성277로 지하48 (정수윤리),선영박빌라 G동 597호,051-145-0527,yeweonryu@example.org
이지우,91162,충청북도 부천시 오정구 잠실로 39,은지심안빌라 621호,032-056-5482,yujin46@example.com
장영진,62932,경상북도 양주시 강남대168길 241-85,서연서연립 D동 471호,02-6193-3669,gi@example.com
송명숙,83636,제주특별자치도 성남시 수정구 반포대22길 179,성수김빌라 X동 217호,063-473-0311,yujin73@example.org
이영진,77110,경상북도 화성시 영동대길 769-20 (서준강김리),경수김이빌라,016-647-8317,yusugja@example.com
김혜진,82433,충청북도 수원시 권선구 영동대3거리 180 (지우김이마을),혜진최타운 755호,02-3049-4183,doyunbae@example.org
김영일,99040,세종특별자치시 관악구 영동대가 252 (정숙양김마을),예원김마을 785호,033-235-4340,jeongjacoe@example.com
김중수,17923,전라북도 당진시 영동대4가 1,민준양배연립,010-3615-7505,egu@example.com
이정희,00630,충청북도 고양시 양재천0길 556-89,수진이아파트 O동 992호,010-6774-3452,myeongja90@example.com
김시우,82970,인천광역시 동작구 도산대035거리 386 (민재오리),건우배전마을,019-869-7913,idohyeon@example.org
김예원,66440,광주광역시 영등포구 언주로 144,동현권양빌라 X동 463호,064-796-5073,hanjihyeon@example.com
우경희,43911,인천광역시 강북구 언주가 277,서현박이빌라,016-924-3250,eunyeonggang@example.net
오지아,07292,대구광역시 관악구 삼성9로 13 (재호김윤면),상호박박아파트 839호,041-975-9017,sangho94@example.net
김미정,03991,전라북도 용인시 수지구 가락길 932-94,정남김김빌라 E동 215호,018-091-6676,jinhoi@example.com
김진우,16079,광주광역시 동대문구 압구정343로 845,명숙박장마을,031-875-7854,yeongjasim@example.org
이영일,16175,전라북도 서산시 서초대38길 488 (현준이면),옥순이빌라 U동 172호,011-217-8790,jihueom@example.net
장수진,43768,경상남도 여주시 논현로 425,옥자박최타워 E동 695호,019-820-4125,coeyeongil@example.org
곽재현,65362,인천광역시 강서구 백제고분가 570 (예원박이동),정순최이마을 979호,017-771-9489,eunji25@example.net
김영일,50884,경기도 양주시 오금450길 876 (예진윤면),지혜안김타워 092호,042-465-1327,eunyeonghwang@example.org
김경희,21964,충청남도 군포시 반포대73거리 376-87 (혜진권안리),정웅박빌라,042-921-4834,yeonggil09@example.net
허수빈,65414,광주광역시 은평구 서초중앙2가 104 (옥순이면),영미이강연립 904호,031-349-4665,mgim@example.net
이영호,36402,대구광역시 강서구 서초대66로 804-2 (혜진권면),수민심최빌라 308호,017-107-3222,zgim@example.net
김명자,03953,경상북도 철원군 학동501길 지하578 (현숙김이읍),옥순조최연립 265호,041-823-4113,yeongsug02@example.com
박지은,74603,강원도 양양군 봉은사9가 182-71 (정숙나고동),민석최이아파트 가동 094호,010-7159-5189,yunyeongja@example.com
김상현,88362,전라북도 부여군 개포로 254,영호김마을 마동 952호,052-641-8491,junyeongcoe@example.com
이성현,95595,대전광역시 강동구 역삼6로 970 (정호김면),지후최타워 326호,053-364-3048,yeweon50@example.org
이영수,46873,인천광역시 종로구 석촌호수56길 27-15 (영길김김리),승현류타워 바동 493호,02-4035-3351,ojinu@example.org
장지훈,21090,인천광역시 동대문구 서초중앙91거리 130-1,정희김연립,062-776-7919,vhan@example.org
김지우,20122,경상남도 고양시 오금로 800-56,춘자김아파트 A동 649호,064-760-0402,jeonghyi08@example.com
박준혁,92376,부산광역시 노원구 영동대1가 897-93,병철박백연립 P동 242호,054-063-4797,osumin@example.org
최민준,60907,울산광역시 양천구 선릉489길 419-22,지연이마을 084호,063-937-1798,eunyeongcoe@example.org
김현지,59777,세종특별자치시 동대문구 테헤란로 764,선영김장타운 001호,063-869-1394,ina@example.com
이영수,17688,강원도 보은군 백제고분472길 255,지훈김박타운 576호,062-075-0132,minjun90@example.net
심성진,26049,경기도 안양시 역삼68가 670-53,지혜박한타워,032-761-5469,jeongungryu@example.org
김영숙,33458,경상북도 부여군 오금거리 518,영길박연립,063-307-3910,yeonggil63@example.com
안미숙,69476,충청북도 안양시 역삼길 359-46 (미영문김리),상훈양마을 Z동 285호,011-153-2063,eunjueom@example.com
이도윤,06582,대구광역시 노원구 도산대로 294-64 (미숙강마을),지연이마을 F동 088호,02-0568-5010,mbag@example.com
이영길,90947,부산광역시 양천구 언주로 131-49,경수윤타워 가동 130호,062-478-4678,junseo64@example.com
신영수,76109,강원도 하남시 반포대길 220,은정이김빌라,011-097-5093,yeongsigji@example.org
김은주,48137,서울특별시 강서구 봉은사거리 지하571,은서강타워,062-971-8041,yeonggilseo@example.com
이영진,33529,울산광역시 양천구 개포로 507,민지이송아파트,017-580-5100,tjo@example.net
이성진,65361,인천광역시 서초구 가락126거리 113,지아김아파트 T동 275호,032-019-0204,bagjiweon@example.net
한성민,60714,충청남도 수원시 장안구 반포대길 634,영진이김타운 707호,042-321-8901,gimhaeun@example.com
김선영,84561,전라남도 부여군 역삼544가 916 (민석황정마을),아름이권연립 634호,053-029-4371,guhyejin@example.net
최영환,21914,경기도 양주시 봉은사가 243-37,정식이장타운 U동 273호,010-3945-5984,seungmingo@example.org
황병철,97295,서울특별시 구로구 석촌호수3가 317-3 (정희윤읍),성현류김타운,010-2299-6767,jgim@example.org
조영길,23082,전라남도 부천시 선릉60가 660 (민지백동),동현류타운 055호,044-148-9700,ibag@example.com
장정남,94078,인천광역시 관악구 백제고분71로 232-26 (현준양박면),서영황김빌라,032-420-3306,jangjeongho@example.net
박성현,30862,광주광역시 남구 가락059가 지하729 (명숙박노읍),정훈김김타운 454호,019-999-2760,boramgim@example.org
박은정,68616,강원도 계룡시 역삼3가 지하778,동현이강타워 953호,052-920-7072,jieun09@example.org
김진호,31038,전라북도 제천시 가락로 269-64 (서준오김리),윤서김고타운,041-159-9257,haareum@example.org
김유진,48186,전라북도 성남시 수정구 백제고분19가 583,경희안박아파트,016-608-6896,junseojin@example.org
김영희,19486,강원도 고양시 일산동구 도산대38가 583-19,경자김김타워 98동 997호,053-214-2241,miyeonggweon@example.net
박정숙,86143,부산광역시 서대문구 양재천0로 945 (정자신김리),경숙나마을 K동 821호,061-840-9819,boramgim@example.org
최상호,96693,경상남도 당진시 학동로 141,경자김김타워,043-966-1568,jiweongim@example.com
안서준,65816,울산광역시 양천구 논현19거리 916,성현심빌라 S동 459호,042-721-8913,gimseoyeon@example.com
문준혁,20899,대구광역시 중구 서초중앙2거리 81-48,영희김이빌라 P동 564호,032-069-9937,jeonsanghyeon@example.org
김영환,63949,전라남도 충주시 석촌호수5길 지하972,성수성이타워,063-736-1220,jeonghoi@example.com
김민수,47852,경기도 수원시 팔달구 도산대가 870-40,현숙조손타운,031-523-7368,siu42@example.net
강명숙,11063,제주특별자치도 양구군 삼성9가 333-99,보람박윤빌라 917동 306호,032-266-3129,jeongsig31@example.net
강광수,80562,전라북도 영동군 오금7거리 292 (예진김읍),예지장타워 152호,043-458-5451,iyeongja@example.com
이명자,94614,부산광역시 은평구 반포대4로 374 (준영김이마을),수빈최연립 923호,043-954-3204,hi@example.com
김도현,21655,서울특별시 강남구 도산대거리 지하304 (성진오박면),윤서신최연립 W동 217호,02-9357-0908,zi@example.org
최수진,37084,세종특별자치시 중랑구 가락60길 475-25,영호김타운 P동 762호,053-887-5903,jimingwag@example.org
류경숙,84998,세종특별자치시 강남구 잠실14로 875,영환황이타워,053-192-4500,ei@example.net
박영식,87379,서울특별시 종로구 삼성22거리 329,동현이지아파트 H동 954호,016-084-8730,zjo@example.com
박아름,24861,울산광역시 광진구 오금57로 지하337 (현지이면),준영오아파트 C동 613호,064-709-7404,gwangsugim@example.net
김성진,37564,경상남도 철원군 석촌호수로 488,지은이김아파트 112호,042-653-6331,minseog33@example.com
허준서,24230,인천광역시 서대문구 역삼092로 745-5 (영숙김마을),영철이박아파트,070-0887-7534,gimmisug@example.com
류성현,92384,대구광역시 은평구 서초대5로 292 (경희허구동),미숙안타운 05동 919호,064-701-9975,minjae94@example.net
권성현,19905,전라남도 계룡시 학동가 173 (민석김이읍),은지이최아파트 L동 876호,02-3921-5809,kyun@example.com
김하은,30541,강원도 태안군 개포로 475 (혜진이읍),성수김아파트,044-184-7427,gimjeonghun@example.com
송도윤,87581,전라북도 음성군 학동16거리 867 (진호성김읍),영길김타운 바동 394호,017-879-8369,hyeonu69@example.org
박진우,01474,제주특별자치도 보령시 석촌호수15로 805-50,정식양아파트 416동 714호,042-939-3705,coejunhyeog@example.net
권정호,57083,대구광역시 강북구 도산대로 68 (성진류백리),숙자이하아파트,054-958-4499,sangceol83@example.com
이현우,36661,충청북도 고성군 반포대거리 184-49 (우진조동),숙자최민아파트 953호,043-979-4098,fseo@example.net
강영환,00179,전라북도 고양시 반포대4길 516-10,은영김타워,02-5211-8493,hgim@example.com
이지아,22562,대전광역시 노원구 오금길 351 (준혁김오리),현준박마을,044-826-9821,hansunja@example.com
이준영,94745,부산광역시 관악구 테헤란거리 672 (정희권면),은주이김타운,051-819-1806,seongsugim@example.com
김준혁,13235,인천광역시 서대문구 도산대8가 86 (승민김리),승현이타운,043-699-9204,ngo@example.org
이지아,34066,전라북도 양평군 가락477거리 지하406,선영이빌라 C동 163호,052-108-8790,sanghunhwang@example.net
강은경,98774,인천광역시 구로구 학동84가 474,정순김한아파트 M동 650호,018-621-8758,yeongmi11@example.com
최미숙,98613,서울특별시 도봉구 오금로 640 (정남윤최리),서현한서빌라,031-277-7689,yangjeonghyi@example.net
박유진,09482,서울특별시 관악구 반포대거리 349,종수이이마을 가동 826호,032-880-3776,gimseoyun@example.net
차성진,70954,전라남도 청양군 학동거리 533-43,현숙김아파트 209호,018-351-9754,gimjiyeong@example.com
곽정순,17306,강원도 음성군 가락8거리 685,순자박빌라 486호,041-131-6529,gyeongsu83@example.com
김수진,07471,경기도 원주시 봉은사로 480-42,순자손이타운 E동 537호,016-797-6071,sujinhwang@example.org
진승민,77779,경상북도 부천시 원미구 개포21로 467-33,경수진빌라,033-455-4385,hayunhong@example.net
이지영,80780,세종특별자치시 영등포구 잠실08로 134-70,영숙우연립 741호,062-862-4023,hyeonjeong67@example.net
김지영,71081,인천광역시 마포구 서초대24거리 지하442,지민이김마을,019-066-4074,wi@example.net
이숙자,95391,인천광역시 남구 석촌호수47가 191 (은영김읍),지훈안빌라,052-549-0401,seongjino@example.org
한민서,88939,전라남도 부천시 소사구 반포대99거리 904 (진우강리),현주박타운 059호,010-3048-4745,gimjiu@example.com
손미숙,26710,경상북도 충주시 영동대101길 772,성민김연립 554호,051-585-3189,syun@example.net
김현정,50111,인천광역시 마포구 서초중앙791거리 343-86 (정순박동),서연박마을 162동 158호,041-423-3727,yeongho96@example.net
장정희,53718,대구광역시 동대문구 테헤란42가 지하171 (은서김리),승현김타운 N동 171호,042-904-9733,haeunseong@example.org
박영길,00594,경상남도 영월군 역삼7거리 263-96 (정호이읍),수빈김빌라 바동 901호,052-036-5513,siu36@example.com
김주원,43171,경상남도 고성군 봉은사길 108 (은정김면),도윤민아파트 다동 151호,02-1676-7554,igwangsu@example.com
김지민,94503,광주광역시 금천구 오금길 336-27,숙자오마을,062-279-8513,miyeong44@example.net
손승민,69886,강원도 동해시 역삼로 348,영환윤조타워 723호,019-826-8205,bagjeongsig@example.net
장미숙,66973,충청남도 부천시 원미구 서초중앙길 179 (정수이마을),주원이연립 G동 802호,031-420-3064,seojunbag@example.net
장현숙,11450,울산광역시 성동구 논현84로 718-48 (은영양김면),현숙김김타운 J동 169호,033-914-3416,gimseongjin@example.org
차영철,39049,세종특별자치시 영등포구 압구정497길 324 (현준고한동),은주배고빌라 E동 889호,010-8017-2106,gimjongsu@example.com
오종수,32838,울산광역시 광진구 압구정4로 467-24 (성민양박면),영숙이하아파트 430동 150호,062-175-2212,vhan@example.net
이재현,57533,강원도 성남시 반포대6거리 957,혜진오김타워 A동 127호,052-868-8784,useo@example.net
최영희,18194,경상남도 태안군 가락22길 447-11 (하은이리),민준김빌라 235호,019-268-6001,ocoe@example.net
김현숙,81106,충청남도 괴산군 테헤란길 지하574,선영우최아파트,042-885-7960,jeongsig05@example.net
문지훈,08733,전라북도 강릉시 반포대6거리 688 (영수이읍),지민배타워,043-865-0272,sunjau@example.com
박영미,32998,부산광역시 영등포구 서초중앙299거리 98-96,서윤장빌라,052-172-6490,baghyeonji@example.net
박상철,25139,전라남도 연천군 반포대길 61-24,지연정연립 672호,041-181-3435,egim@example.org
김서영,52767,광주광역시 서초구 가락66로 110 (영수김서읍),지후이타운 048호,051-493-0311,minjae91@example.org
김성현,74313,충청북도 군포시 강남대로 591,지혜강연립 H동 866호,017-727-7176,jieunsin@example.com
유상철,14405,부산광역시 강서구 테헤란17로 620 (미숙김동),예준최타워,017-582-7456,yeonghyi28@example.com
박상호,61379,경기도 수원시 권선구 개포28가 399 (지후장이읍),혜진한타워 595호,011-771-8525,jiui@example.org
배영철,95409,충청남도 청주시 상당구 봉은사길 453 (영일김송동),영환이타운 561호,011-236-0300,donghyeon38@example.com
김진우,30238,울산광역시 종로구 역삼10거리 133-43,은지백김타운,031-607-5084,jeongungbag@example.net
손명숙,57959,대구광역시 강서구 봉은사0길 723,예은김마을,054-690-8708,eunji60@example.net
김건우,14809,경상남도 제천시 백제고분가 612-68 (지연강박마을),민수권김연립,061-585-0173,jeonghyibag@example.org
박혜진,83614,전라남도 강릉시 테헤란가 521,경자장연립,042-500-6236,baegjuweon@example.net
이영순,54697,광주광역시 강동구 삼성832로 587,광수조마을 224호,032-266-6570,junhyeog11@example.com
안정훈,87226,경기도 옥천군 가락길 991-85,상훈이아파트 L동 254호,010-2328-1743,juyunseo@example.net
황영환,26929,울산광역시 도봉구 언주로 28-33 (지원차손리),은경심빌라,062-392-6887,junhyeoggim@example.org
김영길,94657,충청남도 광명시 논현6거리 385 (영길황박리),지혜이박마을 Z동 224호,064-769-6304,hyeonju11@example.net
김예원,00526,충청북도 춘천시 봉은사로 673-97 (하윤이면),수진정남아파트,063-169-7424,myeongsugi@example.org
최보람,20283,전라남도 철원군 석촌호수거리 936-66 (시우이마을),지은고아파트,052-880-6580,gimjihyeon@example.com
김준호,63237,전라남도 인제군 잠실길 711,정수한아파트,064-730-3695,ijunseo@example.com
이순자,51044,전라북도 안산시 가락3거리 720 (영수김리),성훈김아파트 라동 663호,017-334-4573,pgim@example.net
김영희,65472,울산광역시 강동구 삼성045길 404 (정남김권읍),성현이김타운,016-751-5079,jeongsugcoe@example.com
김현우,13488,경기도 안산시 단원구 양재천8가 354,우진송마을,02-1667-4391,scoe@example.org
박준호,20897,서울특별시 서대문구 삼성55로 141 (현준이김동),정수최최빌라,053-461-4077,haeunbag@example.com
우정호,40093,대구광역시 북구 역삼78거리 92 (병철김읍),광수강타워 437호,043-631-2484,isunog@example.net
조미정,92199,제주특별자치도 안양시 만안구 테헤란가 377-78,지현박빌라 560호,070-9204-8973,gojiyeong@example.com
박지우,46794,전라남도 보령시 서초중앙거리 469-2,미정김연립,017-395-5455,wgim@example.org
이아름,33228,경상북도 부천시 소사구 역삼6로 141 (성현김리),상철전마을 Y동 818호,052-644-4295,ujin05@example.com
박정식,29740,강원도 양주시 학동거리 517-52 (하은하마을),서연강윤아파트,052-237-0611,fgim@example.org
이동현,37959,대전광역시 도봉구 잠실거리 881,정식김최타워 다동 266호,010-9337-5618,gimyejin@example.org
황예준,26586,광주광역시 마포구 강남대907로 863,윤서김장연립 J동 039호,031-745-9109,sugjahong@example.net
황정자,91591,경기도 용인시 양재천가 717-86 (지훈나박동),현우최김마을,052-289-2613,gimseongho@example.net
강명숙,60648,인천광역시 동작구 학동가 917 (정숙이면),병철이심마을 305호,052-627-5179,mi@example.net
박서준,84355,경기도 성남시 분당구 학동길 244,지아박한마을 S동 047호,010-5869-1103,ugim@example.net
김지훈,35749,대구광역시 송파구 강남대가 33 (준서김면),현주류타워 073호,011-615-9112,hyeonumin@example.com
최승현,01657,전라남도 고양시 일산서구 석촌호수2거리 44,은주김연립,033-797-4169,ojeonghun@example.com
곽병철,69874,경상남도 천안시 서북구 백제고분813길 951-66,지우김아파트 나동 873호,051-421-7165,yejijang@example.org
이민준,63390,전라남도 화성시 잠실6길 지하241 (은정양노동),도윤안마을 W동 245호,070-8380-4961,yejinan@example.org
장광수,27213,충청북도 의왕시 삼성316길 562-29,민지장장아파트,018-205-7288,seungminbag@example.org
주지영,04124,강원도 고양시 언주8가 913-61,진호이연립,011-247-8101,bagyeongmi@example.net
권지아,49346,충청북도 옥천군 학동06길 871-68 (민준김읍),경희김이타워 C동 412호,062-952-3419,yseo@example.com
김하윤,90287,경상북도 평창군 선릉가 556-90 (영길배김읍),순자노타워 751호,052-336-5331,jeongja25@example.com
노민서,40086,대구광역시 노원구 선릉가 456,영수김김타워 X동 058호,053-731-4621,hayunjo@example.org
최순옥,85552,울산광역시 서초구 오금675로 223 (진우김김마을),정희양타운 091동 202호,064-754-8385,co@example.com
김민준,23035,부산광역시 강남구 백제고분로 302-62,순자민김타운 K동 793호,031-865-3257,gimcaeweon@example.org
성미경,60287,인천광역시 은평구 언주길 482-28 (지후이심마을),승민김서빌라 170호,019-166-9963,jiweongim@example.com
박민지,82212,경상북도 태안군 압구정거리 759-99 (준서이최읍),수진윤성타운,010-4016-5812,yunseoi@example.org
이옥순,65445,전라북도 천안시 서북구 서초중앙8길 682-60,지현이마을 K동 916호,018-309-4825,seohyeon93@example.com
김영숙,36446,경상북도 천안시 동남구 석촌호수7가 지하434 (서윤심전리),예진이타워 280호,063-083-5716,coejeongnam@example.com
권성호,18970,대구광역시 남구 압구정길 650 (아름이문동),지훈이이타워 H동 818호,032-516-5961,ogjagim@example.org
최동현,55620,전라남도 삼척시 압구정가 81-80 (순옥박김동),혜진황최타워 J동 244호,018-141-3485,gyeongjanam@example.net
이상호,65143,세종특별자치시 관악구 테헤란62길 지하300 (춘자김마을),은경박타운 389호,042-669-8052,ujincoe@example.org
박혜진,24231,충청북도 부천시 오정구 테헤란길 673-37,영숙김타운,062-137-0883,theo@example.org
이준서,91893,강원도 안양시 동안구 봉은사가 967-24,현우박박타운 S동 951호,033-741-5780,jihunyun@example.org
윤정희,59604,부산광역시 중랑구 잠실32길 지하970,정희최장타운 Y동 248호,010-1914-0577,gimgeonu@example.org
김건우,95904,충청북도 청주시 상당구 언주가 560 (은경안이리),상호김빌라 121호,042-343-8041,hyejini@example.net
이성수,25228,전라남도 안양시 서초중앙거리 996,시우김이연립 754호,018-258-9513,seonyeong84@example.org
박정자,33907,대전광역시 동작구 압구정964로 326,중수김김아파트,044-595-7887,donghyeon63@example.org
노수빈,22940,부산광역시 용산구 학동9로 778 (도윤이읍),준서김빌라 나동 903호,017-285-5239,zjo@example.org
조동현,23844,대구광역시 남구 압구정1길 89 (영순박마을),동현김양타워 202호,070-9083-4360,seoseoyeong@example.net
김경자,94944,충청북도 안산시 석촌호수959가 155-19 (하윤김문면),준혁이타워 217호,052-291-9246,caeweon62@example.net
박영식,61661,충청남도 논산시 서초대거리 802,영길송홍빌라 다동 920호,011-063-5555,migyeonggim@example.com
안은정,71937,대구광역시 마포구 언주길 775-28,하윤박타워 S동 245호,041-181-5146,osong@example.org
홍승현,72399,부산광역시 마포구 역삼길 324,미경문김타워 378호,033-513-4801,yeeun63@example.org
이미경,84303,강원도 안양시 동안구 반포대로 495-89,예지손빌라,02-2980-5111,ki@example.org
노재호,06688,경기도 가평군 논현가 800,지민김타워 604호,064-790-0426,vu@example.net
심성호,21177,경기도 가평군 서초중앙2가 262 (지민박박읍),서연송빌라 712호,062-020-4953,bagjunyeong@example.com
박정남,63481,대구광역시 성북구 테헤란가 318 (정수김면),지은박타운 H동 168호,052-022-5594,iminjun@example.org
류영일,84575,충청남도 서산시 영동대080길 97,영환김이연립,052-687-2291,jimin16@example.com
김영수,93980,경상남도 정선군 오금길 129 (재호이읍),영자김빌라 115호,070-1382-4771,lgim@example.com
이정수,46792,울산광역시 중구 석촌호수길 지하741 (지아김김동),미영최한빌라 983호,055-662-5238,seohyeon78@example.com
김아름,30425,대전광역시 영등포구 서초중앙가 298-24,영숙김이연립,019-231-8492,junyeongseo@example.net
황영미,68679,광주광역시 성북구 테헤란78길 124-52,현지임이타운 I동 067호,011-836-8413,hyeonju92@example.net
이재현,29027,울산광역시 중구 반포대7거리 971,예지신김연립 974호,054-815-8656,baghyeonu@example.net
이성진,82715,대전광역시 관악구 선릉37길 830,예지김이연립,053-872-7276,jiyeongang@example.org
김선영,38170,전라북도 부천시 오정구 선릉21로 206-75 (보람문류리),성진이마을 B동 096호,043-239-1010,mingyeongja@example.org
장지연,35337,인천광역시 은평구 강남대로 182-38 (순자이김읍),영진김윤마을 025호,042-005-1155,seojun82@example.com
성성현,91583,대전광역시 노원구 석촌호수길 304 (정웅윤마을),현우문류아파트,044-082-5035,sunogi@example.net
전성호,40411,인천광역시 성북구 백제고분5가 891-50,현준심이타워 752호,064-790-1367,yeongho27@example.org
강숙자,15565,경기도 안산시 단원구 역삼가 689,예준최양마을 Z동 501호,041-164-6183,sangceolgim@example.net
오도현,89565,세종특별자치시 동작구 영동대284거리 777,정자김마을,031-637-2103,cunja48@example.com
김수민,69794,광주광역시 강동구 오금7가 477-40 (명숙신김읍),영일김김타워,061-543-1808,seonyeong91@example.com
박유진,41484,강원도 청주시 청원구 압구정가 253,옥자하송마을,033-678-5534,ugim@example.com
김영희,05871,제주특별자치도 제천시 가락거리 271-80,영환곽타운 O동 572호,016-805-7239,hayun21@example.com
박예준,65436,충청남도 청양군 강남대길 622-20,은경이박마을 931호,018-708-7808,jeongsugmun@example.com
김영수,51159,강원도 성남시 강남대로 710 (준혁이박리),민서최빌라 H동 714호,018-077-9708,misuggim@example.org
배예준,99957,경상남도 홍천군 백제고분634길 352 (은서강김면),서윤양타운,017-744-8591,jeongsuncoe@example.org
박옥자,99143,강원도 김포시 서초대932길 315-1,재현김타운 696호,052-641-9029,iujin@example.org
김윤서,48163,대구광역시 서구 테헤란4로 345,정남김윤아파트 797호,011-202-9671,jeongjabag@example.net
황민준,05433,전라남도 성남시 중원구 논현거리 218-27 (상호박마을),정식이박연립 V동 393호,041-190-3532,iseo@example.com
김민재,34544,전라북도 춘천시 압구정01가 53,은정송박연립,054-429-4985,hanjeongnam@example.org
이하윤,35378,경기도 철원군 언주로 668-54 (정식윤동),하은김양타운 124호,011-593-6619,lgang@example.org
김정웅,95890,대구광역시 강서구 오금로 392-51 (현준강동),정자고빌라,070-5183-1005,coeseohyeon@example.org
최영식,19690,인천광역시 중구 언주40가 286 (민서이면),지현손빌라 Q동 901호,043-470-8226,yeongho97@example.org
지준영,72493,광주광역시 금천구 서초중앙1거리 650 (동현김마을),준서이타운,017-811-4992,sangceol02@example.net
김영순,09491,인천광역시 강남구 선릉427로 126,은주이마을 O동 468호,010-0262-9872,yeongsugbaeg@example.net
이우진,24426,제주특별자치도 청주시 서원구 봉은사거리 지하381 (보람오면),건우주이연립,019-483-8016,geonu47@example.org
권승현,63568,세종특별자치시 용산구 압구정거리 707 (은경최김읍),시우손타운 A동 827호,042-927-9369,hanjeongsu@example.com
김영길,73629,부산광역시 동구 영동대204길 559-14,예진김민타운,011-278-3904,bagseongjin@example.net
박아름,12063,충청북도 안산시 역삼로 384 (은정박리),영호김박타운 I동 746호,016-725-9797,fyun@example.net
박예은,97797,세종특별자치시 종로구 양재천가 151,성진장노연립,041-944-7705,zjang@example.com
박지원,45395,경기도 수원시 팔달구 강남대가 지하944,지아김신빌라,043-823-4362,ujin44@example.org
차진우,91342,충청북도 동두천시 백제고분가 659-77 (미경김문리),서연이아파트,064-759-9159,ai@example.net
김정훈,44790,전라북도 강릉시 가락4길 877 (윤서김리),예진김박타운 173호,010-5638-4173,cgim@example.org
박미경,15215,전라남도 진천군 백제고분거리 지하541,광수김장마을 575호,018-462-7061,oi@example.net
박성진,08935,전라북도 구리시 서초중앙76로 18-64 (민서전리),예지이최타워,017-901-9286,lgim@example.net
김승민,59973,인천광역시 중구 반포대4가 150-25 (영길오윤동),미경윤마을 I동 851호,031-461-1400,jihungang@example.com
한예원,52091,대전광역시 동대문구 삼성493가 765,현숙장노마을 J동 266호,063-376-3448,hyeonjuni@example.com
최건우,28343,부산광역시 구로구 강남대길 999 (수빈최마을),건우권빌라,016-256-0847,lgim@example.net
이예지,56800,대구광역시 용산구 잠실거리 지하954 (영진송읍),영수양김타워,032-566-2773,yjeon@example.com
강서현,58998,제주특별자치도 태백시 반포대1길 15,도윤심이빌라 593호,064-782-5134,mijeong32@example.net
박상훈,48517,충청북도 수원시 장안구 양재천로 661-63,현지류강아파트 876호,054-356-9741,hongjungsu@example.org
남지우,54043,전라북도 성남시 중원구 봉은사거리 443,성현김최마을 979호,064-709-2333,yeongho72@example.net
윤영수,10085,세종특별자치시 서구 서초중앙8가 439 (성훈최동),순자김김타운 905호,033-115-6752,hyeonjun44@example.net
김미정,12964,서울특별시 중랑구 서초중앙54거리 582-53,경수김심마을,016-746-8731,seoyeong47@example.net
신채원,18920,경기도 서천군 봉은사598로 313 (현정김한마을),미숙박타운,019-466-9631,junho51@example.net
박준호,12606,경상남도 동두천시 삼성로 929-19 (미숙김동),지현장오타워,044-410-7910,jeongungmin@example.com
이지민,53585,세종특별자치시 동구 언주128길 지하483 (지민김서마을),성민차타운 264호,018-408-7095,gangyeonghwan@example.com
양예지,30665,경상북도 연천군 잠실로 947-13 (성민박윤면),서영엄서타워,054-641-8711,yejigim@example.com
권숙자,26542,제주특별자치도 수원시 영통구 테헤란4거리 지하520,영철김타운 C동 276호,032-717-8168,eunji36@example.com
최도현,84976,경상남도 부여군 논현거리 512-80,재호최이빌라,031-211-9169,gimjieun@example.net
이예원,81674,전라북도 여주시 개포길 지하607,성수이연립 Y동 800호,064-768-2098,yeongsuggim@example.com
박미정,41141,부산광역시 성북구 선릉길 658-93 (정식김김면),준혁손이연립 832호,010-7199-2240,geonugim@example.net
이하윤,35712,제주특별자치도 평창군 학동길 613 (하은구김마을),숙자박타워,041-487-2475,bagjeongsu@example.org
우수진,74843,부산광역시 중랑구 백제고분197로 961-90 (지훈김김읍),경자이빌라,042-258-4397,eunseo97@example.org
김건우,51797,경상남도 부천시 원미구 영동대661길 837-42 (순자송이마을),중수김마을 Z동 520호,031-927-0351,caeweongim@example.org
손예준,77916,충청북도 제천시 서초대로 지하542,미숙박김마을 I동 227호,062-499-8856,yeongsug32@example.com
안지혜,95761,세종특별자치시 도봉구 학동가 623,지혜손연립 T동 969호,033-919-8808,sanghoi@example.net
서성훈,42178,광주광역시 서초구 가락길 385-54,민준송이타운 037호,044-088-9138,gimseongjin@example.net
이현정,32461,충청남도 보령시 언주2길 199-94 (종수이리),진우김문마을 가동 999호,032-028-8825,jihyeonjang@example.com
최수민,94378,경기도 괴산군 도산대로 167,건우나아파트 Y동 930호,017-551-4634,yeongjinjang@example.org
김지훈,93328,강원도 양구군 석촌호수길 97,수진고김타운 O동 063호,051-283-5017,lgim@example.net
장채원,13302,경기도 속초시 서초대6거리 209,지영박백연립,061-669-3929,misug88@example.com
박현준,25570,인천광역시 강동구 학동7가 773-29 (준혁서김동),명자이이아파트 443호,031-921-8739,junho10@example.com
심명자,42931,충청남도 성남시 중원구 압구정10거리 525,현주최박타워 I동 821호,042-149-9230,ai@example.net
고현준,99135,인천광역시 중랑구 가락575거리 165 (민준손김마을),지연유고타워,044-584-5561,ijeongsun@example.org
최서윤,32294,대전광역시 강동구 선릉64가 132,정훈이권빌라 U동 500호,044-444-7685,ogjajang@example.org
문미숙,32932,전라남도 포천시 봉은사거리 951-32 (시우이읍),정수김연립 194호,062-908-6721,eunyeongcoe@example.org
이상호,58358,전라북도 단양군 오금길 730-46 (유진김이면),순옥이연립 R동 505호,051-365-9066,jeongsun26@example.com
진유진,06529,제주특별자치도 공주시 봉은사로 지하521,채원박신타워,033-665-6982,seonghungim@example.org
최아름,58558,울산광역시 성북구 도산대로 533-20,혜진이양빌라 Q동 440호,031-832-5143,gi@example.net
고옥순,74243,경상남도 보은군 잠실94가 7-14 (서영김동),지원김빌라 316호,017-285-9721,gimdonghyeon@example.org
민영희,83880,부산광역시 성북구 도산대길 776-80,지영이타운,043-625-8685,ryun@example.net
조서영,18782,충청북도 안산시 상록구 서초중앙길 648-23 (서영박권면),재현안장빌라 672호,033-939-9551,fjo@example.com
신영식,84779,제주특별자치도 동두천시 석촌호수길 42-23 (경숙고마을),지우박마을 265호,062-608-6106,seonghun07@example.com
차영미,56188,대전광역시 남구 오금9로 653 (예원서오면),승현김빌라,062-893-4668,seungminryu@example.net
김승민,84552,강원도 용인시 영동대829거리 357-36,영길김아파트,017-360-1630,hyeonji57@example.com
이채원,82003,부산광역시 강동구 압구정57로 259-17,예은서이마을 841호,032-737-5467,gimyeongil@example.net
김현지,84409,인천광역시 은평구 강남대로 900 (승현이동),영수고최마을,019-059-0417,hyeonsugi@example.org
이보람,81583,세종특별자치시 중구 도산대거리 지하312,우진류차연립,064-715-2722,sunog63@example.net
강지후,41267,인천광역시 관악구 학동가 320,미정황송아파트,051-563-3149,gimyeongmi@example.com
서준호,21707,충청북도 삼척시 가락36가 지하228 (하윤박김면),미정문오마을 439호,061-783-5702,gimyeongsu@example.com
이주원,97486,부산광역시 동작구 영동대거리 454 (상현백마을),지후이타워 185호,011-201-6228,eunyeong15@example.com
김준혁,54927,경기도 당진시 영동대6길 371-90,미숙류연립,070-1349-3702,iyeongja@example.net
허진우,97681,충청북도 논산시 선릉6거리 219-67 (성훈이마을),현숙강아파트,018-970-9852,ijihun@example.com
김경희,29457,서울특별시 동대문구 서초중앙1길 591 (영숙김이읍),은영김타운 608호,02-0459-9869,minji33@example.com
심선영,34919,경상북도 성남시 분당구 개포355길 82,수민김최아파트 G동 511호,041-655-4693,iyeongsu@example.net
이민서,90056,경상남도 청주시 흥덕구 개포거리 638,경숙배백빌라 073호,051-394-3361,wsong@example.com
권준영,46973,경상남도 안산시 서초대로 653-35,영일오아파트 792호,017-353-5758,yeongil84@example.net
이진호,78496,인천광역시 양천구 봉은사길 922,순자이마을 Y동 714호,010-2545-3506,gimseonghyeon@example.com
박현숙,15425,울산광역시 종로구 봉은사9거리 802,정호박타운 D동 099호,019-667-5175,yejigim@example.org
박옥순,65987,경상북도 단양군 반포대가 89-31,정순송김마을 845호,041-815-2757,ki@example.org
최중수,41491,인천광역시 강동구 강남대8길 814-97,영진최빌라 Z동 666호,042-826-5682,ujang@example.net
이명숙,09149,서울특별시 강남구 서초중앙706길 806-85 (민재윤이읍),미정김빌라 마동 226호,063-110-0634,ni@example.net
김지연,63651,인천광역시 동구 영동대9가 555 (지아이하읍),서준이김아파트,042-704-9189,qseo@example.net
김성현,94262,제주특별자치도 평창군 잠실거리 323-5,재호이김아파트 872호,011-506-8532,jiagim@example.net
김동현,39538,전라남도 성남시 수정구 언주가 지하341 (채원김김동),지원김김마을,033-436-9874,minjae18@example.org
박현우,21817,강원도 시흥시 역삼68길 89-33,명자김타워,011-999-7596,yunminjae@example.com
박민석,87138,경상북도 구리시 압구정7길 521-34,영환김연립 Q동 913호,032-388-5166,eunseogim@example.net
이승민,29415,충청북도 고양시 반포대로 574 (영희황지읍),춘자이박타워,053-377-3687,geonu32@example.com
진현정,59482,대구광역시 동대문구 오금759거리 497-96,지민배손빌라 C동 287호,053-407-4622,ieunjeong@example.com
이민준,77167,대전광역시 용산구 서초중앙길 지하18,유진서타워 T동 647호,053-475-3493,eunseo63@example.org
이영희,47022,충청북도 철원군 백제고분거리 430,지연유연립 가동 567호,02-7672-4362,gwangsugim@example.com
박춘자,19011,강원도 음성군 서초중앙9로 312-69,정남김김타운 213호,063-269-7400,yuseungmin@example.com
한민석,56072,강원도 양주시 논현로 969-9 (은주강읍),영진장타운,070-3026-3762,gweonyeweon@example.net
김영환,92197,광주광역시 관악구 언주795로 지하650,숙자이아파트 다동 599호,033-187-1205,jongsu94@example.net
김영식,12536,광주광역시 남구 테헤란로 지하778 (민준김동),민수백아파트 F동 856호,070-8729-1736,jinho96@example.com
최명자,61037,강원도 단양군 백제고분로 805,영철김연립,044-098-3082,cjo@example.org
이광수,47229,울산광역시 마포구 언주65가 240-70 (건우한장리),예지강양연립 L동 638호,032-475-3074,seonghyeon82@example.org
김지후,44581,경기도 광명시 석촌호수길 667 (명숙김마을),정자박타워,061-298-0106,iseongho@example.net
박경수,74832,부산광역시 성동구 선릉836가 992 (도윤김동),수진김이빌라 U동 196호,011-672-0031,vgim@example.org
강병철,59409,경상남도 청주시 상당구 반포대길 374-82 (성민김읍),서영강최마을 237호,051-380-6725,eunjigim@example.org
황순옥,25647,전라남도 수원시 장안구 서초중앙로 370,서준서마을,054-302-2670,gimmyeongsug@example.com
이수빈,67779,경기도 안양시 동안구 반포대022로 813,정자권마을,041-093-6108,ijaeho@example.org
이예지,42217,대구광역시 서대문구 반포대가 161 (승민전동),옥자이정타운 300호,052-601-9511,sangceolsong@example.net
이아름,63573,충청북도 부여군 영동대거리 516-95 (옥순윤마을),하윤이연립,061-656-1165,jongsui@example.com
최상현,09154,경기도 천안시 동남구 봉은사3가 608,민재권타워 Q동 084호,053-716-5838,haeun34@example.net
김성수,13895,전라남도 광주시 역삼가 824 (예은오동),옥자김박아파트 Q동 038호,033-263-7614,xson@example.org
이영수,73575,대전광역시 동작구 석촌호수6로 867,은경김타워 바동 504호,031-182-7934,fgang@example.net
이지연,03901,경상남도 용인시 처인구 학동가 292 (지우김이동),지후김마을,017-019-6359,gyeongsug06@example.com
이주원,32199,경기도 안양시 만안구 선릉038거리 440 (영자박김마을),정숙양마을 281호,016-146-4775,hanjunseo@example.com
김명숙,66650,경상북도 청양군 도산대길 213 (예진김홍동),도윤김빌라,055-069-0991,rseong@example.net
박민석,25960,울산광역시 서초구 압구정2가 234,광수최송아파트 134호,031-181-6360,mgim@example.org
배지우,53492,서울특별시 강남구 언주81로 342,영길최타운,042-295-5099,ggim@example.com
송경수,72803,인천광역시 광진구 역삼012가 408-69 (승민박양마을),동현이연립,011-368-6346,yeongceol48@example.org
김도윤,35882,대전광역시 용산구 역삼7가 762,준영임마을 108호,011-838-9180,yeongmigim@example.org
심준혁,57022,광주광역시 서초구 오금04길 132-75,옥자김김연립,033-330-8557,misug92@example.com
이지후,48290,충청북도 여주시 언주로 533,민수문박타운,062-806-0615,gimyunseo@example.net
박상훈,02557,부산광역시 송파구 서초중앙거리 974 (예준최김읍),준서민손마을,016-978-5755,knam@example.net
조선영,70173,충청남도 평창군 석촌호수거리 149-27 (우진이이읍),명숙임타운 L동 422호,043-035-0693,joseunghyeon@example.com
최정호,77278,제주특별자치도 수원시 권선구 양재천91거리 370-48 (보람최박읍),미숙김타운 591호,043-513-7720,eunjeong28@example.org
김상훈,34955,세종특별자치시 서대문구 삼성길 48 (선영이이면),준영최타운,041-497-2519,seonghyeongweon@example.com
오은서,97751,경기도 금산군 양재천로 379 (정호주읍),정순노권타워,053-406-9572,sanghunhwang@example.org
김병철,41393,울산광역시 중랑구 학동57길 346 (지후임면),영길노김아파트 O동 336호,033-973-8604,byeongceol62@example.org
이상호,81670,충청북도 광주시 반포대6길 지하639 (성민한안읍),영숙서양마을,016-156-4703,yeonghwan91@example.com
황경숙,40771,서울특별시 서대문구 석촌호수길 764-62 (진호박면),수민이이아파트 733호,043-122-2657,bageunseo@example.org
신명숙,65751,대구광역시 관악구 테헤란길 155,은주박빌라,033-980-4609,ijang@example.net
이동현,53369,서울특별시 양천구 백제고분519가 804,영일지마을 576호,055-973-3494,ubag@example.org
최지혜,81938,경상남도 성남시 수정구 잠실길 178-73,민수윤타운 마동 582호,054-714-9212,gimhyeonsug@example.org
박성현,65055,전라남도 구리시 학동11가 520,경숙김타운 989호,033-444-8518,goeungyeong@example.org
김영진,07168,충청남도 청주시 상당구 백제고분6가 지하251 (서연오리),수진최타운,053-396-2893,seonghocoe@example.com
강서영,74626,제주특별자치도 시흥시 테헤란1로 811-6,영철김아파트 781호,070-9459-3119,misugi@example.org
이재현,79201,부산광역시 중구 백제고분043길 873,광수배김마을,032-647-4191,yejun22@example.com
홍예진,87368,서울특별시 강남구 오금거리 641 (성호전백마을),현우이타운 866호,055-440-4465,yeeun12@example.org
오민지,12853,제주특별자치도 동두천시 서초대로 지하440,우진양빌라 F동 136호,018-037-5479,yeongsiggim@example.org
이서연,65232,울산광역시 서대문구 가락823길 709-63,성훈권아파트 C동 516호,042-157-6537,boramca@example.org
이은경,66281,충청남도 보령시 압구정21가 342 (진호박이마을),서영이마을,019-953-4256,gweonminsu@example.net
김지아,46381,전라남도 안산시 논현로 932-49 (은서안박마을),현숙홍양마을 P동 420호,061-805-3254,jihyeongim@example.net
이선영,55326,서울특별시 구로구 개포162길 432,현정박이타운 Y동 881호,032-484-0962,shwang@example.com
윤은주,35400,세종특별자치시 서대문구 백제고분9가 232-77 (정순구이마을),수빈양이마을 483호,055-869-2980,hyeonji48@example.net
김광수,33346,전라북도 영동군 백제고분거리 643-2 (경희장박리),지원김연립,051-465-9707,ti@example.net
홍승현,85493,울산광역시 도봉구 백제고분89길 516-53 (성현장윤마을),서윤강박빌라 253호,016-476-8685,hongjaehyeon@example.org
김상현,32707,대전광역시 광진구 백제고분길 211-54 (서영윤오면),준호박아파트 400호,054-955-1668,sangceolca@example.net
나지후,05658,경기도 태백시 반포대거리 지하912 (지원서이마을),예원김마을 934호,054-758-5253,kgim@example.com
김아름,21380,경상북도 속초시 양재천120길 489-26 (영환이리),하은권김아파트 V동 994호,053-464-8280,ijeongsug@example.org
윤미정,54844,제주특별자치도 부여군 테헤란가 908,보람고장타운 866호,032-342-9350,fjang@example.net
장지원,17698,충청북도 영월군 테헤란길 587 (성훈오이리),혜진송김연립 다동 595호,011-563-9891,seoyuni@example.com
김지아,22191,경상북도 안산시 단원구 논현거리 지하291,영미한이연립 L동 886호,011-034-4697,baggyeonghyi@example.net
오정자,85817,대구광역시 동대문구 가락40거리 723 (영길안이읍),진우권송마을 061호,063-291-6661,seunghyeon97@example.com
오미숙,49216,강원도 성남시 선릉59거리 807,재현허타워 I동 597호,031-295-4533,yeongsubag@example.org
박성현,65946,부산광역시 동작구 영동대길 947,은정임타운 K동 730호,042-840-8691,iminsu@example.com
이예은,04635,서울특별시 북구 양재천310로 736-92,서윤이마을,010-9128-0494,fi@example.org
김예은,07774,전라남도 진천군 테헤란1로 93 (영식김마을),옥자박이빌라 536호,031-507-4345,tyu@example.org
이건우,69123,경상남도 이천시 반포대4거리 734-37,미정황빌라 164호,041-613-4408,seonghyeonbag@example.com
박영숙,48233,충청북도 정선군 언주77로 794-68,건우차김타운,041-139-3001,xi@example.net
박서준,52171,서울특별시 성북구 백제고분거리 지하297,수민박최아파트,02-2958-5177,ijunyeong@example.com
박경수,65117,울산광역시 관악구 석촌호수6거리 334-78,윤서윤안연립 M동 401호,011-087-4466,ujingu@example.org
안동현,85465,대구광역시 강동구 도산대2거리 지하194,중수장김타워 311호,041-338-7699,lan@example.net
김현정,76721,충청북도 동두천시 양재천가 690-31 (승민김이동),예지이서마을 473호,051-924-7811,sangceolgim@example.org
배지연,31831,대전광역시 서대문구 강남대3가 338 (유진서마을),서윤임박아파트 867호,043-176-6433,caeweonson@example.com
이지민,38445,충청남도 수원시 장안구 역삼40거리 576-10,영순서아파트 다동 705호,043-981-2615,igang@example.org
주민준,72824,부산광역시 종로구 언주10가 726,수민박이타운 162호,017-462-6168,junhyeog85@example.com
안현숙,77921,경상북도 청주시 상당구 서초중앙1길 998-83 (영길김남면),영길김김빌라,032-304-6412,minjigim@example.net
최서영,29888,전라북도 청주시 상당구 가락로 640-54,수진김타운 M동 598호,016-300-6554,juweongim@example.net
양상훈,36169,경상남도 광명시 언주39로 564-44 (춘자조리),수민허마을 932호,070-2748-1581,dbag@example.org
김정웅,85312,전라북도 수원시 장안구 선릉로 801,미경조타워,051-505-0996,kyang@example.net
이재현,74263,인천광역시 노원구 석촌호수1가 332,성호류타운 F동 722호,041-540-6509,siu72@example.org
이지훈,22867,강원도 보령시 역삼729거리 296-6 (정호손김마을),지아이빌라,018-558-1507,jeonghyi71@example.org
김지아,67241,경상남도 삼척시 삼성738거리 162,준서홍박타운,054-610-7823,ihyeonji@example.org
심성진,87346,인천광역시 용산구 석촌호수로 979 (진호권면),상훈최남아파트 B동 479호,052-523-0928,yeonghyihan@example.org
김옥순,36886,광주광역시 서초구 역삼가 386,지아노빌라,02-4336-6908,ijeongung@example.com
최영일,38858,경상북도 안산시 단원구 잠실17거리 97 (수빈구읍),미숙이연립 610호,017-024-6501,eungyeongyang@example.org
홍은지,89714,대전광역시 강동구 학동04거리 963-84,영수민민타워,044-434-4347,minsu54@example.net
김현주,19563,경기도 삼척시 반포대로 657-85 (상철김마을),정순최이아파트 475호,043-092-4163,qryu@example.org
김건우,43761,강원도 서천군 개포6로 지하586 (서연한박읍),성현백아파트,041-504-4166,yeongmi98@example.org
양정남,25531,광주광역시 동작구 오금871가 247,지아김이연립 Z동 758호,055-883-7246,mijeong42@example.com
이옥순,16679,경상북도 청주시 흥덕구 압구정거리 876-33,병철이타운 701호,043-464-7201,yeongja71@example.net
장선영,23521,대전광역시 강남구 선릉로 566-3 (준서안문면),정숙박아파트,019-990-8701,seongsubag@example.org
신서준,77188,대구광역시 송파구 봉은사거리 185,영자손빌라,062-261-9180,gimjiweon@example.com
김아름,03684,서울특별시 종로구 서초중앙06로 279 (정훈이읍),예원윤박타운,052-076-1850,yeongsigcoe@example.com
문병철,07448,제주특별자치도 청주시 서원구 선릉로 427-38 (정자허이마을),미영양아파트 461호,032-586-3727,hyejin10@example.org
최예진,62658,울산광역시 강서구 잠실길 833 (정식김최면),상현홍타워 W동 887호,052-624-5068,jinu94@example.com
정동현,87475,제주특별자치도 홍천군 백제고분2거리 987-67 (예진서홍리),미경양연립,052-432-6186,miyeong92@example.org
오승현,87563,충청북도 김포시 논현가 220-44 (주원이김마을),예원이김연립,011-004-6975,hyeonjui@example.org
최동현,78451,충청북도 오산시 서초대거리 574-50 (지후안류면),영진이타운 125호,052-329-4657,cunjabag@example.org
김예지,12297,강원도 횡성군 언주2가 438-53,미숙이연립 577호,051-097-4140,seongsu14@example.net
이동현,84226,충청북도 하남시 강남대길 185-86 (숙자김장읍),옥자이연립 J동 261호,055-315-6133,gangogsun@example.net
이옥자,68638,대전광역시 남구 학동길 71 (명숙류김마을),재현홍아파트 296호,033-714-0068,eunju53@example.net
구경자,68056,서울특별시 송파구 백제고분24거리 774-83 (경희김이마을),성호송빌라 C동 946호,018-303-7038,eunji05@example.org
한경희,87692,제주특별자치도 안양시 만안구 개포833가 588-11 (지은박면),순자이연립 K동 456호,016-911-6492,jangboram@example.com
김예진,21508,인천광역시 강남구 석촌호수1길 778,도윤남타운 449호,044-348-7461,migyeong10@example.com
유지우,54444,대전광역시 강서구 테헤란가 637-95 (시우윤동),명숙조곽아파트 776호,062-347-2559,gimmiyeong@example.org
김영순,34759,충청북도 광주시 가락341길 919 (영일박이리),현준이이빌라 O동 916호,010-1724-5101,dhwang@example.org
박선영,16557,세종특별자치시 성북구 가락871가 314-80,윤서김김타운,064-728-8804,yeongjin42@example.com
이영식,73587,전라남도 횡성군 봉은사가 950 (재현김김면),지은장이타운 P동 009호,053-558-9490,migyeonghwang@example.net
박현우,09598,경상북도 양구군 강남대231거리 542-27 (예원이읍),성훈서연립 675호,070-2724-5478,hahyeonju@example.com
최현주,09892,충청남도 예산군 서초대679거리 99 (광수류노마을),상철김타워,053-595-4959,donghyeon27@example.org
이영숙,99112,서울특별시 서초구 서초중앙거리 594-99 (정순한이동),현숙고타운,043-432-8372,gujinho@example.com
박영환,11030,부산광역시 성동구 강남대길 765-62 (현정김김면),은영김서아파트 867호,042-228-9118,iyun@example.org
진재호,17701,세종특별자치시 서초구 테헤란246가 557,은경심박아파트 나동 984호,055-101-2963,gojia@example.net
박지아,69416,광주광역시 성동구 서초대480로 387 (정수김김리),수진송타워,062-116-5883,lgang@example.com
김정식,09258,경상북도 부여군 압구정가 11-71,영숙박아파트 O동 713호,064-786-0685,di@example.com
윤지후,05335,대전광역시 성북구 반포대가 936,서영이아파트,032-407-5580,ogim@example.com
김지연,53607,강원도 안산시 단원구 영동대199길 380-53 (은경박읍),미영노연립,063-483-5320,songmyeongja@example.com
이하윤,83505,경상남도 서산시 오금가 613 (영철장강마을),동현김남타워,031-168-5384,minjae19@example.org
이옥자,88469,충청남도 과천시 양재천939로 23-73 (현정심동),은지서아파트 L동 015호,019-579-7744,gimhyeonjeong@example.net
김중수,11125,전라북도 이천시 서초대87로 281,정식김이빌라,064-713-8521,si@example.com
김지아,77296,울산광역시 동대문구 오금길 139,영자고타운,052-883-6694,kseo@example.net
김성호,02473,경상남도 청양군 강남대로 749,진호윤연립 969호,051-625-7683,sujin98@example.org
이영호,59667,강원도 수원시 팔달구 선릉0로 257 (영식최송동),도윤최김아파트,044-330-9760,geonui@example.net
박정숙,44150,경기도 이천시 삼성873가 지하274,현준김마을,031-479-4481,kgang@example.net
안지아,61613,전라북도 천안시 서북구 강남대로 지하744,채원권마을 360호,032-314-0576,seongseungmin@example.org
손보람,52723,전라남도 청주시 상당구 백제고분로 304,정숙이박마을,051-488-9824,seojuni@example.org
구성훈,11645,세종특별자치시 도봉구 삼성길 782-71,영진최이연립,055-659-5452,minji89@example.com
윤순자,70790,인천광역시 구로구 학동15로 864 (도현이서면),수민김타운 X동 818호,064-728-8623,seojun20@example.org
박민석,31232,서울특별시 강동구 압구정5길 242-28 (지혜최허마을),경희김아파트 832호,033-539-2053,gimsujin@example.net
이지현,36660,울산광역시 중랑구 개포6가 665-90,서영허박연립,02-3453-4796,junhyeoggweon@example.com
권정자,60961,인천광역시 종로구 삼성길 269 (경희김마을),수민김송연립,041-929-9071,jeonghun87@example.org
김보람,17005,대구광역시 강남구 강남대로 236 (정수최동),민수김이연립,055-298-5692,jihye18@example.com
안성훈,89967,전라북도 금산군 서초대42가 96-31,경수윤곽타워 가동 896호,064-727-6047,seonghun76@example.com
권종수,55545,대전광역시 은평구 압구정2거리 50-68 (선영김동),지원김강연립 587호,062-736-3211,gyeongsugcoe@example.com
김정웅,12754,대전광역시 도봉구 개포12로 242-89,예지손빌라 G동 806호,052-056-1725,gangjimin@example.net
고은주,08539,부산광역시 서대문구 개포107로 276-99,영순한김연립 J동 956호,019-364-8377,jeonjimin@example.org
노민서,67923,전라북도 안양시 석촌호수0로 128-14 (옥순이최면),은경서타워,062-098-6325,sonjunseo@example.com
최정숙,45423,경상북도 당진시 양재천1거리 128 (정순김김마을),예진한이타운 087호,044-610-1940,coehyeonsug@example.net
홍진호,26010,광주광역시 중구 영동대53가 197,미경나이연립,044-790-8819,jryu@example.com
조민지,58060,대구광역시 동대문구 역삼거리 583-24 (영미김한리),수민지배아파트 M동 820호,044-411-7461,xgim@example.org
고미숙,18695,전라남도 평택시 역삼46거리 97-59 (상훈안이읍),준혁황강타운 742호,043-925-6536,eungyeong69@example.net
이현우,07060,경상남도 철원군 영동대7가 지하481,진우오김타운 Y동 008호,062-919-3387,jeongnamgim@example.net
최예원,00397,경상남도 음성군 잠실거리 지하531,지현이최아파트 E동 033호,043-132-3744,myeongsug17@example.com
이영미,45054,광주광역시 동대문구 삼성984로 199,순자전타운 K동 210호,053-563-0281,hyeonjunsong@example.org
손지원,46455,인천광역시 용산구 서초중앙65길 122-42 (승현김장면),예은이빌라 193호,070-0173-0086,zhong@example.org
박은주,77941,대전광역시 중구 역삼가 81-92,영희엄마을,051-484-1892,jinsiu@example.org
홍혜진,44564,광주광역시 성북구 개포611거리 991,서준안타워,061-774-7029,ugim@example.net
최예진,51519,부산광역시 동대문구 가락로 371 (지민이동),지은하이빌라,010-6129-0430,vseo@example.org
김수민,39187,충청북도 이천시 강남대21길 지하317 (하은이마을),지연김이빌라 V동 153호,070-7389-0436,coeyeongsun@example.org
최민재,55651,부산광역시 성동구 학동0길 121 (유진장손리),상현송김타워 393호,052-363-1018,yeongsig85@example.org
박재호,92921,충청북도 안산시 봉은사거리 972 (예준김마을),명자김김타운,070-8114-7005,namyeongsun@example.org
우민수,28129,광주광역시 동작구 오금거리 45 (유진최이읍),영자윤구타운,044-273-0233,yeongsun73@example.com
차성민,87441,강원도 고양시 덕양구 서초중앙거리 208-3 (하은이권면),혜진허마을 412호,064-743-9338,ci@example.net
김현우,93488,경상남도 단양군 도산대로 56,도현김조타운,044-692-8910,cmun@example.org
김수진,11188,서울특별시 성북구 개포길 326,현지박김타운 Q동 073호,043-399-3708,cahayun@example.net
김명숙,41119,대전광역시 양천구 테헤란가 지하185 (영일김면),경수차마을 바동 321호,042-128-0815,yejun02@example.com
성영길,65712,울산광역시 양천구 강남대271거리 533-95 (윤서최김면),미경류연립 다동 102호,070-4233-2696,yuneunyeong@example.org
황도현,96004,세종특별자치시 영등포구 도산대길 694-80,준호김타워 231호,064-780-1426,haeun96@example.org
박영환,27525,제주특별자치도 안산시 상록구 봉은사가 452-78,영희김김타운 455호,063-704-6361,munseoyeon@example.com
박진우,66805,대전광역시 남구 가락67거리 970-91 (현숙정면),병철김박아파트,041-305-4737,yeongsu21@example.com
송지혜,87880,전라남도 하남시 선릉길 771 (서윤이최면),성현박주아파트 I동 355호,042-677-2426,hyeonugim@example.net
손민수,61202,충청북도 괴산군 학동거리 392,예은안마을,044-721-1829,ryuyeonghwan@example.org
황하윤,10698,경상북도 고성군 봉은사5로 402-59 (준혁이리),지우장타워,018-609-4747,donghyeon53@example.net
구명숙,72855,대전광역시 광진구 가락가 지하950,서준서김아파트 316호,063-534-6602,jeongnam68@example.com
김승현,56606,대구광역시 금천구 선릉8가 993 (민석김지면),준혁박황아파트,042-345-4151,jeonghunbag@example.org
홍옥순,08415,인천광역시 영등포구 서초대가 679-51,영미지연립 561호,010-7912-4497,gimjinho@example.net
이중수,14985,대구광역시 서대문구 개포길 569-40,정순권마을 D동 800호,016-695-4198,ugim@example.org
이지훈,28568,부산광역시 관악구 강남대17가 349-44 (영길김리),민석김타워 마동 135호,052-960-1426,fhong@example.net
박영미,36725,인천광역시 강북구 석촌호수23로 872 (시우최마을),지우이연립,019-302-9549,jeongnam53@example.org
양영철,13690,인천광역시 마포구 백제고분거리 900 (건우윤윤면),정훈유손타운 268호,031-580-9598,yeongja88@example.net
진옥순,82244,제주특별자치도 증평군 선릉길 344 (은경안마을),민수한김타워 997호,02-6424-4899,gyeonghyi13@example.net
손성현,00385,전라남도 부천시 원미구 테헤란491거리 59-43 (혜진윤최동),상철이이마을 가동 514호,031-151-2951,siui@example.net
김은정,21943,강원도 김포시 개포73가 498,보람김타운,032-843-7506,gimyeongja@example.net
이예준,97765,대전광역시 남구 역삼541길 453,현정이김빌라,063-942-3861,eunyeonggang@example.org
지민지,62992,강원도 원주시 봉은사154로 212,영순이이마을 512호,052-953-7908,hi@example.org
안은주,75378,서울특별시 서대문구 가락19로 337 (우진손박동),도윤고김아파트,011-313-9207,fmun@example.net
김은서,43596,경상남도 수원시 영통구 봉은사거리 316,지후이서타운 42동 583호,032-722-0277,si@example.com
이정숙,37608,전라북도 계룡시 학동52길 688 (정순이이면),지우박오타워,032-728-6744,tjin@example.net
이혜진,88929,인천광역시 동구 서초대6로 611 (지민김김마을),상호노최타워,062-923-9804,minjunyun@example.net
박준호,36001,부산광역시 동대문구 테헤란48가 160,현주김연립 나동 958호,055-334-6488,egim@example.net
홍상훈,59578,울산광역시 강동구 테헤란826길 13-16 (현정하면),영수최김타워,011-314-4765,junyeong22@example.org
김성진,16494,울산광역시 강동구 서초대2로 739-63 (지영이마을),명자김윤아파트 535호,019-750-7246,seunghyeon25@example.com
김윤서,09276,제주특별자치도 구리시 가락32길 198-59 (영진홍면),도현남마을,070-5230-6371,yi@example.net
황준서,02565,충청북도 용인시 가락92길 358-3,영호서연립 420호,062-077-4702,seunghyeoncoe@example.net
김선영,57098,경상남도 화성시 강남대985길 765-36,수빈장연립,033-869-9511,xgim@example.org
이하은,92025,울산광역시 남구 영동대608거리 지하154 (정순김리),경희오아파트 R동 631호,033-249-1880,yejun50@example.org
문성수,31245,충청북도 의왕시 백제고분길 116-79 (미영김김면),지연이진마을,055-942-2790,jieun79@example.net
강숙자,30846,전라북도 횡성군 봉은사49거리 133 (영환이면),정남김강타운 999호,062-500-0849,jeonghyibag@example.org
장민석,79345,전라북도 부천시 소사구 봉은사7거리 449-64,중수안김아파트 022호,064-713-1399,jeongsubag@example.org
이현우,64191,인천광역시 서구 양재천가 122-46 (옥자이곽리),예원이배빌라 218호,019-585-1906,gwangsu30@example.org
배영일,91254,세종특별자치시 용산구 가락97길 791-88,미정차전빌라 G동 542호,033-497-2798,ei@example.com
장윤서,18695,경상남도 정선군 테헤란990가 414,우진김마을 439호,041-123-0360,jeonghyi54@example.com
최지후,25318,강원도 부천시 삼성09길 656 (영미안면),순옥고유마을 T동 817호,032-394-5340,gimseongho@example.org
김서연,46479,대전광역시 강남구 석촌호수2로 867 (영일이면),병철김김타워 870호,042-447-4300,kbag@example.org
김서윤,44947,전라남도 안성시 언주9가 880,예지오타운,070-3143-6271,di@example.org
박지원,82968,전라북도 용인시 수지구 오금7거리 644 (윤서장리),미정이아파트 706호,011-580-6039,hyejin44@example.org
최윤서,32625,대전광역시 금천구 역삼가 지하550 (주원홍동),정숙김아파트 289호,010-3806-9093,iboram@example.net
김경숙,04523,대구광역시 중랑구 양재천114가 771,경수김김빌라,032-434-6814,eunseo75@example.com
황예지,01054,경기도 홍천군 서초중앙520가 369,성수김김아파트 827호,042-499-2450,seoyunbag@example.org
김은정,38052,충청북도 광주시 영동대거리 640-86 (주원김읍),영환이안타워 M동 793호,062-418-1813,igim@example.net
엄유진,42236,세종특별자치시 양천구 논현85길 지하53 (정훈백이면),지연박연립,019-105-9808,minjaebag@example.net
배지연,58538,대전광역시 용산구 학동946길 294 (현숙김리),지민하이타워 955호,031-725-7714,ai@example.com
이준영,30033,광주광역시 성동구 양재천37거리 839-21 (민석김리),성호김타워 095호,055-047-4619,areumgim@example.org
서상호,08550,충청북도 철원군 오금가 307-48 (광수오차면),옥자엄아파트 016호,053-393-0468,jeongungsong@example.com
박시우,69806,전라북도 제천시 선릉로 781-81,영수김타운,011-030-9036,asim@example.com
최시우,91841,경상북도 시흥시 도산대481거리 321 (영일이하면),준호최아파트 W동 222호,032-704-0246,seunghyeonyang@example.org
문영순,89818,부산광역시 동대문구 테헤란길 142-10,우진이타워 가동 711호,032-374-0701,bgim@example.org
박상훈,83589,대구광역시 동대문구 언주20로 887-86,정웅고이연립 145호,054-435-9123,hgim@example.org
장보람,41908,경기도 보령시 도산대가 870-77,민석김최타워 P동 702호,041-164-6905,sujinbag@example.com
김성진,69264,세종특별자치시 동구 삼성로 751-92,정희류이아파트,033-302-1253,jeonghyi72@example.org
박성현,43751,경상남도 의왕시 개포가 77-78,지후백타운,055-594-6476,jeongsigbag@example.com
김정남,99728,경상남도 청주시 상당구 선릉811가 581-20,경숙한성마을 952호,062-922-7839,boram50@example.org
조영식,32950,충청남도 충주시 봉은사거리 637,옥자차남타워 890호,054-084-8500,ogja69@example.com
김미경,29960,충청남도 수원시 봉은사2거리 439-22,건우이김빌라 다동 161호,064-700-4393,iareum@example.net
강정훈,54600,전라남도 구리시 오금576길 717-14 (보람이읍),은주이백타운 223호,061-387-3965,minsu65@example.com
박미영,35467,대구광역시 성동구 학동거리 948-60,민석김박아파트,019-162-3871,jeongsug41@example.net
최민석,91396,충청북도 가평군 석촌호수거리 917-52,상철류오타운 296호,033-397-6123,ggim@example.com
이영환,12522,대구광역시 서초구 봉은사가 145-53 (영일류최마을),진호이빌라 555호,062-550-1112,ogjajo@example.net
이민준,88357,부산광역시 용산구 양재천길 531-35,지우김박타운 289호,041-340-6579,gimyeongceol@example.org
김하윤,51297,전라남도 양구군 강남대9거리 967-97 (영숙김동),은지남타워 948호,031-327-8735,dson@example.org
김서연,96407,세종특별자치시 서초구 양재천843거리 지하430 (현우한장마을),민준이빌라 C동 160호,016-072-2753,iyeongja@example.com
이서윤,93268,울산광역시 강동구 백제고분316거리 12-86 (영숙심서면),영환민이타운,044-035-5673,zbag@example.org
이예진,26201,인천광역시 북구 학동길 116,혜진박타워 F동 873호,064-786-7683,songjaehyeon@example.com
장현숙,69939,충청북도 김포시 석촌호수363거리 604-30 (예원최리),성호최타운,044-109-7415,seunghyeon08@example.com
이정숙,33638,강원도 동해시 선릉가 779,동현구이아파트 Q동 064호,043-697-5434,zcoe@example.org
유주원,68932,전라남도 여주시 잠실0길 225-92,서연김빌라 740호,043-769-7793,dji@example.com
김혜진,24533,서울특별시 동작구 언주길 958 (서윤김리),영순권마을 431호,011-564-7775,gimjaehyeon@example.net
문서현,57191,충청남도 양양군 석촌호수거리 80,예진박전빌라,033-324-3719,yejigim@example.org
이현준,60333,제주특별자치도 당진시 백제고분6가 542-69 (준혁김마을),성수김타워,070-8720-3484,ieunju@example.org
김은주,80312,대구광역시 은평구 영동대가 314 (은정문김동),준호김이연립 536호,041-878-1436,qbag@example.org
박영환,56622,충청북도 청주시 상당구 학동거리 736 (예은문마을),순자박타워 L동 348호,052-896-0829,jinuo@example.com
김지아,58164,대전광역시 동작구 서초중앙길 991-7 (도윤이리),지훈김빌라,042-647-4753,songcaeweon@example.com
최도윤,72838,경기도 용인시 기흥구 서초대거리 590 (서윤김김면),민수고윤빌라 172호,044-811-7902,jihyeon09@example.com
김영식,67587,대구광역시 강동구 백제고분8거리 950,주원김차마을 432호,019-847-8900,gimjeongja@example.org
송주원,20676,전라북도 안양시 동안구 언주로 870 (영환김리),정훈박류빌라 마동 677호,053-247-5439,seoyeon66@example.net
김은경,24119,대전광역시 강북구 영동대235길 824-61,지혜최빌라,042-090-0618,hyeonjeong60@example.com
서지우,45446,제주특별자치도 고양시 덕양구 백제고분가 571 (성훈고읍),지우손연립,043-135-4660,kgim@example.org
김지영,56652,경기도 천안시 동남구 봉은사9로 230,승현장강타운 T동 023호,019-588-1132,gimjeongsu@example.com
안미경,63041,경기도 당진시 가락거리 564 (정희이이마을),수민고윤빌라 U동 974호,063-384-3986,yeji10@example.org
강동현,95657,경상남도 영동군 서초중앙길 757 (도윤최송동),은경김한타운 132호,018-753-3480,ran@example.com
나주원,58409,충청북도 철원군 학동가 313-45 (상호김박동),경자김마을 M동 467호,016-420-9821,junhyeogyun@example.org
강종수,61373,인천광역시 종로구 봉은사로 813-61,영순유이마을 391호,064-748-0233,di@example.com
김민서,44402,충청남도 고양시 일산서구 강남대로 832,지우곽홍연립,02-9566-9312,seonghun20@example.com
최성호,80118,대전광역시 동대문구 도산대043거리 38-89 (수진허노동),정식김류아파트 154호,061-359-0428,areumgu@example.org
이민석,03870,전라북도 안성시 영동대7가 456-73 (경숙박김동),경자이타운 나동 624호,033-023-3792,yejun00@example.com
이현정,06041,충청남도 춘천시 선릉0길 149-84 (영희이강동),정자김진아파트,018-202-0234,ieunyeong@example.net
주승민,14014,세종특별자치시 마포구 봉은사7가 89 (선영김장읍),순옥정마을 바동 813호,018-101-1492,gwangsugweon@example.com
이우진,84909,경상북도 부천시 오정구 잠실99로 443,건우김이연립 C동 913호,016-966-7596,jiyeong24@example.org
김성현,42029,부산광역시 금천구 서초대376로 886 (종수백지동),진호정타워 U동 547호,042-229-5043,myeongja66@example.com
박예지,41848,대전광역시 강서구 영동대로 402-6 (도윤남백마을),지민오빌라,018-227-2091,isunja@example.com
장성호,56973,충청북도 홍천군 가락5길 663-62 (은정김김리),하은최연립 S동 345호,062-379-3214,yeonghwan05@example.org
유우진,30253,대구광역시 영등포구 서초중앙29가 649-76,영순이연립,054-649-0740,yeongsug56@example.net
송현숙,98508,인천광역시 도봉구 가락가 268-80 (주원강김리),지우김배연립 902호,053-168-4798,hyeonjun76@example.net
이정순,24300,강원도 용인시 처인구 석촌호수로 지하202 (준호최손동),숙자김강타워 222호,02-1636-6794,bagdohyeon@example.org
최진호,81529,전라북도 시흥시 역삼920길 984-92 (서현진이읍),영길이연립 267호,032-321-4838,yeongmigim@example.org
김영진,07926,대전광역시 강서구 개포0거리 184 (미영홍마을),서준서아파트 10동 693호,052-398-6463,vcoe@example.org
김선영,10438,서울특별시 광진구 가락2로 752-11,경희이마을 X동 577호,052-304-7703,jiuseo@example.org
홍아름,65604,전라남도 강릉시 선릉47거리 300,지영김연립 O동 605호,010-5666-7650,lbag@example.org
박명숙,00366,서울특별시 서초구 백제고분497로 766 (영자안조동),민수윤빌라 969호,063-773-5323,jia37@example.com
백상현,31618,대전광역시 강북구 양재천11가 164,서현조연립 I동 093호,031-451-1597,seungmini@example.net
이상철,21823,서울특별시 용산구 양재천길 279 (선영신동),수진박아파트 P동 287호,017-831-2444,mgim@example.org
김영식,95808,광주광역시 도봉구 압구정로 567-34 (상현권동),서영황타워 나동 075호,051-943-5776,jeongja17@example.net
김보람,72570,대전광역시 강동구 영동대로 71,영숙김빌라 966호,018-971-5594,rbag@example.com
김미경,28149,인천광역시 성동구 언주81길 800 (상현박마을),영자박신연립 Z동 650호,031-146-1062,hyeonjigang@example.org
박도현,93786,세종특별자치시 은평구 학동길 755-45,현우이황타운,062-632-4052,ibae@example.org
오영수,86765,부산광역시 관악구 백제고분2길 284-63,정웅김한빌라,051-190-8004,than@example.com
장순옥,03634,전라북도 남양주시 압구정156로 145,지현박타운,016-410-0468,ijeonghun@example.net
민영자,78141,제주특별자치도 화천군 압구정거리 225 (중수서김면),시우강엄연립 A동 237호,010-6427-8032,jinhojang@example.org
송현우,86243,전라북도 화성시 백제고분90길 818-71,은지김마을 778동 723호,061-604-5086,geonu70@example.com
배정훈,23452,세종특별자치시 서구 압구정8길 198 (서준권장면),정식이장연립 I동 902호,052-218-0044,bagcunja@example.com
문상현,22045,경상남도 영동군 영동대거리 901,지연최마을 518호,054-480-8069,hayunjang@example.org
박영숙,24018,충청북도 진천군 언주거리 791 (지아이김동),경숙김박타운,019-764-0984,donghyeonbag@example.net
이준서,16020,서울특별시 광진구 잠실거리 593-7 (지민윤동),상현김엄마을 나동 268호,051-774-2841,eunji36@example.com
송영진,91589,인천광역시 마포구 개포644가 280 (지은박엄읍),예진김이타워 R동 029호,062-978-8304,gimdonghyeon@example.net
이채원,38257,대전광역시 동구 봉은사08길 445,지후이송빌라 181호,017-028-2055,eunjihan@example.com
한예은,48042,인천광역시 송파구 백제고분길 718,우진차마을,061-107-6177,yujin61@example.com
김중수,64561,인천광역시 광진구 백제고분88가 477-86,영일김빌라,031-873-5799,coemiyeong@example.com
배광수,62573,경상북도 서천군 논현101가 503,정자김오마을 286호,064-754-8513,ubag@example.net
이예지,70073,대구광역시 송파구 가락거리 769,도현박아파트 P동 539호,062-567-5766,xgim@example.com
김경숙,77358,세종특별자치시 성북구 백제고분76로 603-23,도윤이마을 P동 150호,053-334-2480,minsu39@example.com
김유진,47341,전라남도 청주시 서원구 선릉길 지하349 (영진이류면),숙자박우빌라 L동 154호,061-216-3335,ocoe@example.net
김지연,34732,강원도 용인시 기흥구 개포길 510 (미정전동),순자오마을,064-723-3003,gimsugja@example.net
이정순,52332,대구광역시 남구 서초중앙로 277-54,민서김연립,070-5254-0324,mijeong42@example.net
김준혁,78571,충청북도 제천시 잠실56가 893,지민차타워,017-420-7112,ngim@example.com
정은정,06115,경기도 아산시 역삼로 35 (은지지리),지민김연립,070-9864-8769,sujin54@example.org
조옥자,79379,전라북도 원주시 압구정772로 786-74,미경김장연립 407호,019-320-5893,jeongja85@example.net
이준혁,90074,광주광역시 서대문구 봉은사9거리 963,지영김타워 570동 797호,041-776-6759,minjunjin@example.com
김정웅,80601,광주광역시 노원구 논현76로 520-57,민수김이빌라,052-534-9868,yunseoo@example.org
한성호,36718,충청남도 수원시 권선구 개포5거리 223-96,윤서이빌라,043-744-6984,munjeongsu@example.net
박영미,03888,충청남도 보은군 학동가 723 (은영한박동),정남박타운 968호,041-401-1028,di@example.org
김서준,95957,서울특별시 남구 백제고분로 386-69,정훈강타워,02-5561-1806,xmun@example.com
오영철,87088,울산광역시 구로구 봉은사길 지하657,서현장김연립 884호,017-905-3940,iminjae@example.net
윤경자,20988,강원도 철원군 강남대453로 396,지영류타워,033-736-1245,ygim@example.net
김지우,22238,강원도 고성군 잠실971길 94,채원배류타운 739호,070-6092-5808,ean@example.com
이정웅,92670,부산광역시 강남구 오금길 276-42 (현지서읍),경수김이마을,054-096-8134,jungsui@example.net
이성수,36375,경상북도 홍성군 가락길 732,경숙이윤빌라,052-225-9574,gyeongja87@example.com
김진우,04013,전라남도 인제군 압구정길 10-31 (영미이면),민재최연립 384호,019-348-6974,mijeong66@example.org
김은지,05440,경상북도 수원시 권선구 서초중앙로 280-57,예진이마을 584호,033-484-0767,gyeonghyi93@example.com
최종수,62266,제주특별자치도 가평군 가락가 지하959 (진호나오리),지우최이마을 015호,016-385-0521,igang@example.net
김준호,06294,광주광역시 송파구 가락로 594-13 (재현오고동),서현문강마을 917호,044-390-3204,lmun@example.net
김민지,73440,울산광역시 관악구 테헤란가 455-89 (영자황허마을),미정김윤빌라 마동 179호,017-449-5773,yeji94@example.net
황민석,88085,부산광역시 남구 가락777가 191 (재현박박마을),지은한타운,011-584-4415,igim@example.org
이서현,17106,전라북도 서천군 반포대118가 936 (성민노권마을),영미황김아파트 466호,043-649-8674,seonghogim@example.org
이하윤,37116,인천광역시 강북구 삼성21가 47,은경김연립 925호,055-265-6105,jiweonhwang@example.net
이민석,92156,제주특별자치도 화천군 테헤란로 128-94 (명자윤성마을),지연진장아파트 691호,061-874-7858,gimjungsu@example.org
이민준,32661,충청북도 공주시 백제고분357로 761 (정희최김리),민준김연립,070-1549-0770,ibyeongceol@example.net
최미영,60758,전라북도 안산시 단원구 강남대가 175,영수송아파트 742호,011-962-4888,jeongsunsong@example.net
김예원,07838,대구광역시 영등포구 학동66로 471-60 (채원박김리),준호박빌라 N동 378호,016-016-0605,imigyeong@example.net
박민재,60234,제주특별자치도 성남시 분당구 잠실816가 894,지훈류연립 540호,041-498-6417,yeongmi35@example.net
박영식,92618,경상북도 고양시 일산서구 삼성가 940,영길김마을,051-478-4343,dohyeon03@example.net
박경자,23756,울산광역시 마포구 학동가 165 (성훈김송읍),지은허박빌라,016-399-9572,hyeonjeong12@example.net
박수빈,30630,세종특별자치시 성북구 잠실8길 지하775 (상훈서김면),경수나타워 바동 241호,032-269-3144,mgim@example.net
주상훈,17475,경상북도 논산시 강남대0로 981,민재김연립 D동 317호,019-168-8095,seobyeongceol@example.org
김성진,09497,울산광역시 은평구 반포대4길 555,정훈김안아파트,054-108-3768,yeongili@example.org
홍지민,22751,광주광역시 강서구 역삼길 890,지현주연립 B동 187호,061-065-2247,jeongjayang@example.com
이영자,57775,광주광역시 동작구 삼성4가 588-9 (정남한동),지원배타운 674호,055-361-9420,seoyeoni@example.com
강예지,98423,경상남도 춘천시 언주4가 48 (윤서최리),영길손김빌라,042-838-4084,xbag@example.org
권명숙,02013,충청북도 청주시 흥덕구 영동대거리 185-54,서현김이타운 650호,011-308-5373,bagseoyun@example.org
정민지,22403,경기도 이천시 양재천485가 지하810,은정윤타운 540호,017-009-1117,ogsun37@example.org
이성호,23882,전라북도 평택시 봉은사90길 351,현우심이아파트,02-3748-6501,iyun@example.org
이춘자,74243,경기도 홍성군 영동대92가 822 (지현윤동),영수윤김연립 T동 459호,019-819-2814,sujin54@example.org
박현지,01894,경상남도 단양군 오금길 743-1 (현지최윤동),주원안빌라,062-115-7459,eunyeong35@example.com
이현주,15788,경상북도 속초시 백제고분길 442,병철류이타운,032-973-1670,jihye56@example.net
김은지,81024,대구광역시 동대문구 개포125가 525-89 (성현박남동),영환윤타워,061-931-2662,seoyungim@example.org
장준호,84901,제주특별자치도 안양시 가락343거리 769,영희송김아파트 R동 078호,011-012-8479,boramryu@example.com
김상철,53066,광주광역시 양천구 역삼가 지하267,성호노최아파트 K동 030호,010-6544-3056,siu60@example.com
김현지,01470,세종특별자치시 영등포구 석촌호수44로 4-79,예준안장빌라,054-017-2222,jeongsugim@example.net
이병철,71642,인천광역시 성북구 서초중앙거리 839,서현이아파트 W동 090호,055-910-8012,bagjeonghun@example.net
이상호,33680,광주광역시 동구 가락670로 866-39,준영노타워 863호,043-336-6775,gwangsuji@example.org
지춘자,87144,충청북도 고양시 언주07거리 982 (준호이이면),현숙김마을 656호,031-455-6527,gyeongsug67@example.net
황시우,05242,울산광역시 성동구 개포길 340 (순자배리),민재김이빌라,017-010-2191,jangyejun@example.org
최주원,14617,인천광역시 동작구 역삼길 381-59 (아름이면),영길최마을 바동 966호,031-070-8651,ygim@example.net
윤하은,93751,전라북도 파주시 반포대9길 377,지은박이빌라 785호,063-260-8107,jeonminseog@example.com
이지연,42591,제주특별자치도 하남시 테헤란거리 808,예지이타워,054-604-9979,coeminseog@example.org
최하윤,20333,경상남도 하남시 도산대309길 441-13 (지원황동),성진김마을 U동 989호,02-4330-5788,ugweon@example.com
송서영,24188,충청남도 인제군 양재천로 279-55,예원김빌라 955호,02-6635-6542,anjeongung@example.org
황선영,95082,전라남도 옥천군 도산대가 757,명숙정아파트 58동 848호,051-326-5754,yejungweon@example.com
김지현,55945,광주광역시 남구 선릉로 184-86 (경수이동),서준김한빌라,019-064-7682,sugjahong@example.com
이민서,53369,서울특별시 성북구 역삼로 315 (수민진이동),미숙김타워,017-326-0314,yeonggilmin@example.net
김지후,71361,세종특별자치시 강동구 압구정121거리 991,채원이타운 나동 848호,043-734-8874,gimjihun@example.net
김준호,94635,대전광역시 서대문구 서초중앙2거리 728 (은서박마을),서연최마을,043-417-1521,songeunjeong@example.org
김준호,64616,대구광역시 중랑구 서초대3로 912-51 (성현김이마을),아름이아파트,061-298-7393,jeonghyihan@example.net
최민재,82470,울산광역시 마포구 석촌호수6가 999-2,영철이이연립,010-2626-4319,yeonggil30@example.com
김옥순,52094,광주광역시 양천구 석촌호수490길 386,예진김연립 R동 543호,043-682-4901,gimjungsu@example.com
고미숙,32554,서울특별시 서구 봉은사4길 38-78 (지영남이마을),준영손연립,031-754-1349,caseonghyeon@example.org
김명숙,27841,전라북도 고양시 덕양구 역삼로 지하872 (진호한김읍),준영이박타운 753호,031-777-0556,ehan@example.net
차병철,43492,울산광역시 강서구 영동대35로 720 (준호최이리),현숙이빌라,051-827-9809,pgweon@example.org
조경희,72896,서울특별시 서대문구 서초대로 지하904 (경수이마을),영환이아파트 G동 311호,063-858-7188,gimjiu@example.com
손준혁,38808,부산광역시 서구 선릉0가 74-89,하윤이백마을,051-987-3826,yeongceolgo@example.org
김서준,25124,광주광역시 남구 강남대556가 302-75 (성민오동),보람심아파트 173호,070-8196-1052,iyeonghyi@example.com
송미숙,68817,충청남도 보령시 잠실6거리 지하81 (승현하리),영진박마을,044-532-0515,jihayun@example.org
최채원,97399,제주특별자치도 용인시 반포대길 82-52,승현한박빌라,053-336-7402,jeongnamgim@example.com
손미정,83226,대전광역시 동구 반포대가 289,정순양이아파트 032호,043-211-6570,goyeongsug@example.com
김영호,94484,충청남도 영월군 학동거리 234-82 (춘자배동),영호박양타워 N동 587호,064-708-3187,eunjeongjeong@example.com
홍명숙,52009,충청북도 하남시 논현가 510,중수김아파트,052-304-8607,yi@example.org
박수민,01147,서울특별시 동작구 선릉거리 316-68 (영순우읍),미정김김마을 637호,042-597-6657,zbag@example.com
김정수,71262,광주광역시 서대문구 압구정09거리 529,진호김장빌라 라동 770호,053-502-6723,yunhaeun@example.com
김은지,61297,강원도 군포시 오금654가 819,건우문박연립 522동 686호,019-420-3925,ijeongja@example.net
김현우,12174,충청남도 성남시 수정구 언주가 374 (은영최면),현주손박빌라 241호,017-086-3061,ryuyeongsun@example.org
임현정,33651,부산광역시 노원구 강남대2로 792-5,지우장이아파트 880호,054-530-0668,hyeonji00@example.com
박지현,97110,경기도 서산시 오금7가 442,진우장타운 669호,033-075-9078,jongsu43@example.org
김광수,60349,강원도 성남시 가락060로 29,은주백빌라 924호,041-007-9096,yeongjagim@example.org
이정순,19775,경기도 안성시 학동거리 369-35,미숙이아파트 C동 111호,053-360-0580,pca@example.net
김경희,47976,경기도 구리시 봉은사28로 128 (지현류김읍),지후우최타워 382호,070-4746-0919,uhong@example.org
최영미,01190,대전광역시 강동구 서초중앙42로 지하875,현주고타워 928호,063-276-8268,gyeongjano@example.org
홍보람,74158,강원도 고양시 테헤란가 630,영길이김타워,062-033-8962,bhan@example.net
김정순,36666,제주특별자치도 인제군 영동대354거리 675-33 (정수김이읍),지후이빌라,042-372-8490,juweongweon@example.org
이경희,32177,충청북도 오산시 서초중앙9길 556-10,서현이나연립,064-761-6396,eunyeong41@example.org
백서현,68422,경상남도 수원시 팔달구 압구정길 373-57,윤서오김타운 566호,031-823-2036,ngim@example.net
김영길,77544,강원도 안양시 봉은사길 405 (재현안리),재호김김아파트 Z동 721호,043-413-9794,gimjeongsu@example.net
이서준,23761,충청남도 삼척시 삼성691가 941-45 (수진한마을),현주김박아파트 Z동 912호,051-056-5505,jinhogim@example.com
심예준,83990,경상북도 강릉시 잠실가 155,윤서최박타워,055-507-1170,xi@example.com
오영진,23215,울산광역시 서구 삼성길 지하504 (성호김리),서연차빌라,054-776-7782,bi@example.net
김옥자,63856,경상북도 당진시 논현310가 187 (성진김김마을),재호이아파트,041-559-8929,gimsangceol@example.org
강도현,52511,전라남도 보령시 서초대3로 303-20,지민김이마을 850호,031-868-0898,yeongil76@example.com
한하윤,48673,대전광역시 관악구 봉은사466로 714-79,옥순이김연립 R동 237호,063-631-3286,gimseungmin@example.org
이도현,66756,세종특별자치시 용산구 영동대길 554-92 (준혁박고마을),수빈이타운,052-982-8905,yunseo67@example.org
김도윤,65084,전라북도 남양주시 압구정00거리 291-61 (선영이한읍),민준오타워 J동 955호,031-509-8414,cbag@example.org
박재호,42995,충청북도 이천시 역삼115로 399-98,정숙엄서타워 844호,02-0191-8763,eunjeongi@example.org
김영진,37300,경기도 광명시 양재천77로 54 (은정이김리),선영민김아파트,062-454-1702,yeongceoli@example.org
홍지후,52585,경기도 진천군 서초대9거리 393 (영순김송마을),현지하연립 678호,011-969-0684,byeongceolgim@example.org
유옥자,61163,전라북도 용인시 처인구 서초중앙0가 71 (정식박마을),도현이타운 853호,064-773-6156,xgim@example.net
문영순,71392,대전광역시 성동구 강남대74길 182-86 (지혜전한리),재현문진연립 T동 189호,018-124-4704,seonghoo@example.org
문미영,78728,강원도 용인시 기흥구 논현길 980-51,미영전김타운 237호,055-431-0799,ryuboram@example.org
박예은,79436,충청북도 하남시 학동가 341 (옥순박리),영수김빌라 990호,070-7811-5690,seonyeong92@example.org
노영철,55797,대전광역시 용산구 서초중앙로 600,중수김우타워 133호,063-545-7323,jungsu88@example.net
김영호,75788,광주광역시 동구 잠실96거리 340 (정남김리),서현김김아파트,055-997-4261,doyunhan@example.com
김지민,73844,제주특별자치도 고성군 선릉6로 224-70 (성호이신면),수민장이아파트,055-157-7488,seongsuca@example.com
김서연,66075,경상북도 영동군 석촌호수로 지하164,준영이안빌라 765호,052-424-0177,hyeonsugi@example.net
이영호,09950,제주특별자치도 태안군 언주길 지하605 (은서이강읍),예원이강아파트 바동 327호,044-763-0525,gimeunseo@example.net
백정자,37038,경상북도 삼척시 영동대6길 433-73 (지아이리),영철김구마을 681호,017-004-8815,bagsubin@example.org
강현정,32295,울산광역시 서초구 가락8로 지하515,경숙김타운 257호,031-120-4122,seungmin87@example.net
박수민,11534,충청남도 괴산군 석촌호수길 361 (서윤이동),은정이타워 902호,044-908-4175,gimhyeonju@example.org
